,Data,url,raw,utente,links,risposte,like,quote,retweet
0,2022-10-19 14:37:02+00:00,https://twitter.com/repubblica/status/1582742627421937664,"Con i microfoni sotto i ghiacci per registrare la ""voce del mare"" minacciato dal riscaldamento globale [di Enrico Franceschini] https://t.co/UBLvo3zEuw",https://twitter.com/repubblica,"[TextLink(text='repubblica.it/esteri/2022/10‚Ä¶', url='https://www.repubblica.it/esteri/2022/10/19/news/artico_registrazioni_riscaldamento_globale_ghiacci_artista_mcdonald-370709922/', tcourl='https://t.co/UBLvo3zEuw', indices=(128, 151))]",2,12,0,3
1,2022-08-05 06:52:33+00:00,https://twitter.com/repubblica/status/1555446644002328576,Il riscaldamento globale √® la pi√π importante storia che non abbiamo mai raccontato [di Riccardo Luna] https://t.co/CqitssXybu,https://twitter.com/repubblica,"[TextLink(text='greenandblue.it/dossier/i-racc‚Ä¶', url='https://www.greenandblue.it/dossier/i-racconti-del-cambiamento-climatico/2022/08/05/news/racconti_scrittori_clima-360407724/', tcourl='https://t.co/CqitssXybu', indices=(102, 125))]",0,8,0,3
2,2022-07-06 07:19:10+00:00,https://twitter.com/repubblica/status/1544581707256303617,Il riscaldamento globale √® come il meteorite di DiCaprio: ma i nostri gesti possono fermarlo [di Riccardo Luna] https://t.co/GQSojCMK9X,https://twitter.com/repubblica,"[TextLink(text='greenandblue.it/2022/07/06/new‚Ä¶', url='https://www.greenandblue.it/2022/07/06/news/il_meteorite_di_dicaprio-356665511/', tcourl='https://t.co/GQSojCMK9X', indices=(112, 135))]",7,17,1,4
3,2022-05-31 10:53:05+00:00,https://twitter.com/repubblica/status/1531589578338889728,"Stefano Mancuso: ""Le piante ci salveranno dal riscaldamento globale"" [di Cristina Nadotti] https://t.co/QUGDcV365L",https://twitter.com/repubblica,"[TextLink(text='greenandblue.it/dossier/festiv‚Ä¶', url='https://www.greenandblue.it/dossier/festival-greenandblue/2022/05/29/news/stefano_mancuso-351445086/', tcourl='https://t.co/QUGDcV365L', indices=(91, 114))]",2,15,0,7
4,2021-10-06 06:41:03+00:00,https://twitter.com/repubblica/status/1445640228941623301,"Fisica, Giorgio Parisi &amp; Co: un Nobel per gli studi che aiutano a capire il riscaldamento globale https://t.co/vmv2EUlFJW (scopri la app) #RepSelezione",https://twitter.com/repubblica,"[TextLink(text='greenandblue.it/2021/10/05/new‚Ä¶', url='https://www.greenandblue.it/2021/10/05/news/fisica_giorgio_parisi_co_un_nobel_per_il_clima-320901690/?ref=twhr', tcourl='https://t.co/vmv2EUlFJW', indices=(102, 125))]",0,12,1,2
5,2021-09-30 16:06:07+00:00,https://twitter.com/repubblica/status/1443608105095360513,"Vento e riscaldamento globale, in quattro anni il Monte Bianco si √® abbassato di un metro [di Carlotta Rocci] https://t.co/QOFt6b6XrO",https://twitter.com/repubblica,"[TextLink(text='torino.repubblica.it/cronaca/2021/0‚Ä¶', url='https://torino.repubblica.it/cronaca/2021/09/30/news/vento_e_riscaldamento_globale_in_quattro_anni_il_monte_bianco_si_e_abbassato_di_un_metro-320132994/', tcourl='https://t.co/QOFt6b6XrO', indices=(110, 133))]",6,7,1,7
6,2021-09-30 09:12:00+00:00,https://twitter.com/repubblica/status/1443503886548017152,"Clima, Draghi a Pre-Cop26 a Milano: ""Impegno a contenere il riscaldamento globale sotto 1,5 gradi"". Incontro con Greta Thunberg
https://t.co/dZioCOgbee",https://twitter.com/repubblica,"[TextLink(text='repubblica.it/green-and-blue‚Ä¶', url='https://www.repubblica.it/green-and-blue/dossier/cop26/2021/09/30/news/pre-cop26_draghi_incontra_greta_thunberg-320064652/?ref=tgpr', tcourl='https://t.co/dZioCOgbee', indices=(128, 151))]",6,14,1,2
7,2021-08-10 13:40:33+00:00,https://twitter.com/repubblica/status/1425089688151281664,Con il riscaldamento globale le isole del Pacifico spariranno in 80 anni https://t.co/cSyEJfy2CF,https://twitter.com/repubblica,"[TextLink(text='repubblica.it/green-and-blue‚Ä¶', url='https://www.repubblica.it/green-and-blue/2021/08/10/news/con_il_riscaldamento_globale_le_isole_del_pacifico_spariranno_in_80_anni-313575874/?rss&ref=twhr', tcourl='https://t.co/cSyEJfy2CF', indices=(73, 96))]",14,32,3,8
8,2021-08-09 15:29:03+00:00,https://twitter.com/repubblica/status/1424754607641620484,Il pinguino imperatore ultima vittima del riscaldamento globale https://t.co/lzDzBJbFaX,https://twitter.com/repubblica,"[TextLink(text='repubblica.it/green-and-blue‚Ä¶', url='https://www.repubblica.it/green-and-blue/2021/08/09/news/il_pinguino_imperatore_ultima_vittima_del_riscaldamento_globale-313490526/?rss&ref=twhr', tcourl='https://t.co/lzDzBJbFaX', indices=(64, 87))]",4,29,0,7
9,2021-08-09 07:04:44+00:00,https://twitter.com/repubblica/status/1424627692662661121,"Clima, rapporto Onu:senza riduzioni immediate e su larga scala delle emissioni, c'e' la possibilita' di superare di 1,5¬∞ il riscaldamento globale gia' nei prossimi decenni
https://t.co/kCT9fPDTR7",https://twitter.com/repubblica,"[TextLink(text='repubblica.it/green-and-blue‚Ä¶', url='https://www.repubblica.it/green-and-blue/2021/08/09/news/cambio_climatico_il_rapporto_ipcc_i_cambiamenti_climatici_sono_diffusi_rapidi_e_si_stanno_intensificando_-313410983/?ref=tgpr', tcourl='https://t.co/kCT9fPDTR7', indices=(172, 195))]",5,25,1,14
10,2021-08-04 05:39:33+00:00,https://twitter.com/repubblica/status/1422794313990250499,Il riscaldamento globale uccider√† pi√π di 4 milioni di persone ogni anno https://t.co/Vq6OFCRd0P,https://twitter.com/repubblica,"[TextLink(text='repubblica.it/green-and-blue‚Ä¶', url='https://www.repubblica.it/green-and-blue/2021/08/04/news/il_riscaldamento_globale_uccidera_piu_di_4_milioni_di_persone_ogni_anno-312826740/?rss&ref=twhr', tcourl='https://t.co/Vq6OFCRd0P', indices=(72, 95))]",25,21,1,8
11,2021-07-24 07:32:06+00:00,https://twitter.com/repubblica/status/1418836373566599171,"Clima, il riscaldamento globale in tre minuti https://t.co/WgUp8xxOgV",https://twitter.com/repubblica,"[TextLink(text='video.repubblica.it/green-and-blue‚Ä¶', url='https://video.repubblica.it/green-and-blue/clima-e-ambiente/clima-il-riscaldamento-globale-in-3-minuti/392159/392872/?rss&ref=twhr', tcourl='https://t.co/WgUp8xxOgV', indices=(46, 69))]",4,3,1,2
12,2021-07-16 11:55:38+00:00,https://twitter.com/repubblica/status/1416003591316283394,"Alluvioni in Germania, Antonio Navarra: ‚ÄúEventi pi√π estremi per il riscaldamento globale‚Äù https://t.co/Y8Uw2lyILN",https://twitter.com/repubblica,"[TextLink(text='repubblica.it/green-and-blue‚Ä¶', url='https://www.repubblica.it/green-and-blue/2021/07/16/news/alluvioni_in_germania_antonio_navarra_eventi_piu_estremi_per_il_riscaldamento_globale_-310545139/?rss&ref=twhr', tcourl='https://t.co/Y8Uw2lyILN', indices=(90, 113))]",3,10,5,4
13,2021-07-15 22:46:33+00:00,https://twitter.com/repubblica/status/1415805011871768577,"Alluvioni in Germania, Antonio Navarra: ‚ÄúEventi pi√π estremi per il riscaldamento globale‚Äù https://t.co/fvNXTV6x6i",https://twitter.com/repubblica,"[TextLink(text='repubblica.it/esteri/2021/07‚Ä¶', url='https://www.repubblica.it/esteri/2021/07/15/news/germania_belgio_alluvioni_global_warming_cambiamento_climatico_antonio_navarra_intervista-310494160/?rss&ref=twhr', tcourl='https://t.co/fvNXTV6x6i', indices=(90, 113))]",5,12,2,8
14,2021-07-08 05:14:04+00:00,https://twitter.com/repubblica/status/1413003429920710658,"Riscaldamento globale e pesca intensiva: cos√¨ scompaiono le foreste di kelp, polmone del pianeta https://t.co/aX0YObzJti",https://twitter.com/repubblica,"[TextLink(text='repubblica.it/green-and-blue‚Ä¶', url='https://www.repubblica.it/green-and-blue/2021/07/08/news/riscaldamento_globale_e_pesca_intensiva_cosi_scompaiono_le_foreste_di_kelp_polmone_del_pianeta-309284132/?rss&ref=twhr', tcourl='https://t.co/aX0YObzJti', indices=(97, 120))]",1,3,0,4
15,2021-06-08 06:10:04+00:00,https://twitter.com/repubblica/status/1402145884859600897,Il riscaldamento globale scatena i patogeni delle piante: in pericolo la sicurezza alimentare https://t.co/YNVPN1pn2s,https://twitter.com/repubblica,"[TextLink(text='repubblica.it/green-and-blue‚Ä¶', url='https://www.repubblica.it/green-and-blue/2021/06/08/news/patogeni_delle_piante_sempre_piu_aggressivi_una_minaccia_reale_per_il_nostro_cibo-304161601/?rss&ref=twhr', tcourl='https://t.co/YNVPN1pn2s', indices=(94, 117))]",2,9,0,1
16,2021-05-27 14:52:06+00:00,https://twitter.com/repubblica/status/1397928607146672131,"Riscaldamento globale, difficile rispettare la soglia di 1,5¬∞. ""Potremmo superarla entro il 2025"" https://t.co/UtVlLv0ZuW",https://twitter.com/repubblica,"[TextLink(text='repubblica.it/green-and-blue‚Ä¶', url='https://www.repubblica.it/green-and-blue/2021/05/27/news/riscaldamento_globale_la_soglia_di_1_5_potrebbe_essere_superata_prima_del_previsto-303047755/?rss&ref=twhr', tcourl='https://t.co/UtVlLv0ZuW', indices=(98, 121))]",2,6,3,4
17,2021-05-22 15:38:33+00:00,https://twitter.com/repubblica/status/1396128356463112196,"Big Oil, l'Agenzia per l'energia chiede lo stop ai nuovi pozzi. Ma non basta per fermare il riscaldamento globale https://t.co/y4JgPgcmEG",https://twitter.com/repubblica,"[TextLink(text='repubblica.it/economia/rubri‚Ä¶', url='https://www.repubblica.it/economia/rubriche/eurobarometro/2021/05/22/news/big_oil_consumatori_e_grandi_industrie_per_una_vera_svolta_green_oguno_deve_fare_la_sua_parte-302146067/?rss&ref=twhr', tcourl='https://t.co/y4JgPgcmEG', indices=(114, 137))]",3,3,1,2
18,2021-05-13 06:26:27+00:00,https://twitter.com/repubblica/status/1392727926282473482,"Metano: un'opportunit√† per evitare 0,3¬∞C di riscaldamento globale che il G20 dovrebbe cogliere https://t.co/Bh3rWw77WF",https://twitter.com/repubblica,"[TextLink(text='repubblica.it/green-and-blue‚Ä¶', url='https://www.repubblica.it/green-and-blue/2021/05/13/news/metano_un_opportunita_per_evitare_0_3_c_di_riscaldamento_globale_che_il_g20_dovrebbe_cogliere-300688306/?rss&ref=twhr', tcourl='https://t.co/Bh3rWw77WF', indices=(95, 118))]",0,3,2,4
19,2021-03-09 07:12:05+00:00,https://twitter.com/repubblica/status/1369184198666285058,"Troppo caldo, gli uccelli cambiano le piume per volare pi√π in alto: Con il riscaldamento globale spostano il loro habitat verso l'alto. Un team di ricercatori americani ha analizzato l'evoluzione di 250 specie di uccelli canori himalayani, passeriformi‚Ä¶ https://t.co/TPTdhZ5jGj",https://twitter.com/repubblica,"[TextLink(text='repubblica.it/green-and-blue‚Ä¶', url='https://www.repubblica.it/green-and-blue/2021/03/09/news/gli_uccelli_hanno_cambiato_le_piume_per_volare_piu_in_alto-290981860/?rss&ref=twhr', tcourl='https://t.co/TPTdhZ5jGj', indices=(254, 277))]",1,6,0,2
20,2021-02-24 07:32:06+00:00,https://twitter.com/repubblica/status/1364478193906769924,"La marcia delle mamme americane in difesa del clima: ""√à per i nostri figli"": Si sono mobilitate e hanno creato Science Moms per trasmettere il know how sul riscaldamento globale e fare pressioni sui politici, tra conferenze, petizioni e lotta alle fake‚Ä¶ https://t.co/TPcDd94gzO",https://twitter.com/repubblica,"[TextLink(text='repubblica.it/green-and-blue‚Ä¶', url='https://www.repubblica.it/green-and-blue/2021/02/24/news/la_marcia_delle_mamme_americane_in_difesa_del_clima_e_per_i_nostri_figli_-288173485/?rss&ref=twhr', tcourl='https://t.co/TPcDd94gzO', indices=(254, 277))]",1,28,2,7
21,2021-02-08 20:24:03+00:00,https://twitter.com/repubblica/status/1358874252556963841,Il riscaldamento globale fa aumentare gli attacchi di asma e le allergie https://t.co/13Pvqsw9vS,https://twitter.com/repubblica,"[TextLink(text='repubblica.it/green-and-blue‚Ä¶', url='https://www.repubblica.it/green-and-blue/2021/02/08/news/il_riscaldamento_globale_fa_aumentare_gli_attacchi_di_asma_e_allergie-286630527/?rss&ref=twhr', tcourl='https://t.co/13Pvqsw9vS', indices=(73, 96))]",1,21,1,4
22,2021-01-16 11:11:32+00:00,https://twitter.com/repubblica/status/1350400288734134275,Elisa contro il riscaldamento globale: un brano inedito per un Pianeta pi√π verde https://t.co/PCMgleBz7z,https://twitter.com/repubblica,"[TextLink(text='video.repubblica.it/spettacoli-e-c‚Ä¶', url='https://video.repubblica.it/spettacoli-e-cultura/elisa-contro-il-riscaldamento-globale-un-brano-inedito-per-un-pianeta-piu-verde/374738/375352/?rss&ref=twhr', tcourl='https://t.co/PCMgleBz7z', indices=(81, 104))]",0,20,1,5
23,2021-01-08 19:34:33+00:00,https://twitter.com/repubblica/status/1347627774261882881,"Riscaldamento globale. ""Attendiamoci nuovi record. Effetti minimi dal lockdown sulle emissioni di CO2"" [di Matteo Marini] [aggiornamento delle 16:24] https://t.co/1i2Hcx9aRe",https://twitter.com/repubblica,"[TextLink(text='greenandblue.it/2021/01/08/new‚Ä¶', url='https://www.greenandblue.it/2021/01/08/news/riscaldamento_globale_attendiamo_nuovi_record_effetti_minimi_dal_lockdown_sulle_emissioni_di_co2_-281706775/?timestamp=1610119460000', tcourl='https://t.co/1i2Hcx9aRe', indices=(150, 173))]",1,15,1,10
24,2021-01-08 15:48:02+00:00,https://twitter.com/repubblica/status/1347570768817713152,"Riscaldamento globale. ""Attendiamoci nuovi record. Effetti minimi dal lockdown sulle emissioni di CO2"" https://t.co/qz3p0KHXmb",https://twitter.com/repubblica,"[TextLink(text='repubblica.it/green-and-blue‚Ä¶', url='https://www.repubblica.it/green-and-blue/2021/01/08/news/riscaldamento_globale_attendiamo_nuovi_record_effetti_minimi_dal_lockdown_sulle_emissioni_di_co2_-281706775/?rss&ref=twhr', tcourl='https://t.co/qz3p0KHXmb', indices=(103, 126))]",1,6,2,5
25,2020-12-28 14:01:03+00:00,https://twitter.com/repubblica/status/1343557579268493319,La soglia limite del riscaldamento globale superata tra 2027 e 2042 [aggiornamento delle 14:20] https://t.co/OSvLId3dOl,https://twitter.com/repubblica,"[TextLink(text='greenandblue.it/2020/12/28/new‚Ä¶', url='https://www.greenandblue.it/2020/12/28/news/la_soglia_limite_del_riscaldamento_globale_superata_tra_2027_e_2042-280188385/?timestamp=1609161614000', tcourl='https://t.co/OSvLId3dOl', indices=(96, 119))]",2,3,0,3
26,2020-12-28 13:57:33+00:00,https://twitter.com/repubblica/status/1343556697999097856,La soglia limite del riscaldamento globale superata tra 2027 e 2042 https://t.co/ARZm4CrXXw,https://twitter.com/repubblica,"[TextLink(text='repubblica.it/green-and-blue‚Ä¶', url='https://www.repubblica.it/green-and-blue/2020/12/28/news/la_soglia_limite_del_riscaldamento_globale_superata_tra_2027_e_2042-280188385/?rss&ref=twhr', tcourl='https://t.co/ARZm4CrXXw', indices=(68, 91))]",1,2,0,2
27,2020-12-17 16:42:02+00:00,https://twitter.com/repubblica/status/1339611825608933379,"C'√® sempre meno ossigeno nei laghi, cos√¨ contribuiranno al riscaldamento globale [di Simone Valesini] [aggiornamento delle 16:13] https://t.co/JdSqfbOURN",https://twitter.com/repubblica,"[TextLink(text='greenandblue.it/2020/12/17/new‚Ä¶', url='https://www.greenandblue.it/2020/12/17/news/anche_i_laghi_contribuiranno_al_riscaldamento_globale_colpa_dell_inquinamento-278762736/?timestamp=1608217984000', tcourl='https://t.co/JdSqfbOURN', indices=(130, 153))]",0,8,1,2
28,2020-12-17 15:11:05+00:00,https://twitter.com/repubblica/status/1339588937317109763,"C'√® sempre meno ossigeno nei laghi, cos√¨ contribuiranno al riscaldamento globale https://t.co/BJ2wPWgYEO",https://twitter.com/repubblica,"[TextLink(text='repubblica.it/green-and-blue‚Ä¶', url='https://www.repubblica.it/green-and-blue/2020/12/17/news/anche_i_laghi_contribuiranno_al_riscaldamento_globale_colpa_dell_inquinamento-278762736/?rss&ref=twhr', tcourl='https://t.co/BJ2wPWgYEO', indices=(81, 104))]",0,5,0,4
29,2020-12-16 16:42:06+00:00,https://twitter.com/repubblica/status/1339249454285684736,Il riscaldamento globale corre pi√π veloce dell‚Äôevoluzione [di Simone Valesini] [aggiornamento delle 15:13] https://t.co/AyxwvzXyr1,https://twitter.com/repubblica,"[TextLink(text='greenandblue.it/2020/12/15/new‚Ä¶', url='https://www.greenandblue.it/2020/12/15/news/il_riscaldamento_globale_e_piu_veloce_dell_evoluzione-278466829/?timestamp=1608128029000', tcourl='https://t.co/AyxwvzXyr1', indices=(107, 130))]",1,5,0,3
30,2020-12-16 12:54:03+00:00,https://twitter.com/repubblica/status/1339192063150096384,Il riscaldamento globale corre pi√π veloce dell‚Äôevoluzione [di Simone Valesini] [aggiornamento delle 12:11] https://t.co/c5QuFXAYNA,https://twitter.com/repubblica,"[TextLink(text='greenandblue.it/2020/12/15/new‚Ä¶', url='https://www.greenandblue.it/2020/12/15/news/il_riscaldamento_globale_e_piu_veloce_dell_evoluzione-278466829/?timestamp=1608117116000', tcourl='https://t.co/c5QuFXAYNA', indices=(107, 130))]",0,7,1,5
31,2020-12-15 19:15:33+00:00,https://twitter.com/repubblica/status/1338925681141370880,Il riscaldamento globale √® pi√π veloce dell‚Äôevoluzione [di Simone Valesini] [aggiornamento delle 16:24] https://t.co/WXsoTsL4RR,https://twitter.com/repubblica,"[TextLink(text='greenandblue.it/2020/12/15/new‚Ä¶', url='https://www.greenandblue.it/2020/12/15/news/il_riscaldamento_globale_e_piu_veloce_dell_evoluzione-278466829/?timestamp=1608045863000', tcourl='https://t.co/WXsoTsL4RR', indices=(103, 126))]",0,4,1,2
32,2020-12-15 15:48:06+00:00,https://twitter.com/repubblica/status/1338873474807332869,Il riscaldamento globale √® pi√π veloce dell‚Äôevoluzione https://t.co/eWYzESocoZ,https://twitter.com/repubblica,"[TextLink(text='repubblica.it/green-and-blue‚Ä¶', url='https://www.repubblica.it/green-and-blue/2020/12/15/news/il_riscaldamento_globale_e_piu_veloce_dell_evoluzione-278466829/?rss&ref=twhr', tcourl='https://t.co/eWYzESocoZ', indices=(54, 77))]",0,4,0,4
33,2020-11-21 07:18:02+00:00,https://twitter.com/repubblica/status/1330047806598418434,"Prati e alberi contro il riscaldamento globale. In citt√† funziona, ecco la prova https://t.co/SEtz0CoO0e",https://twitter.com/repubblica,"[TextLink(text='repubblica.it/green-and-blue‚Ä¶', url='https://www.repubblica.it/green-and-blue/2020/11/20/news/prati_e_alberi_contro_il_riscaldamento_globale_in_citta_funziona_ecco_la_prova-275136910/?rss&ref=twhr', tcourl='https://t.co/SEtz0CoO0e', indices=(81, 104))]",2,50,2,12
34,2020-11-21 07:16:02+00:00,https://twitter.com/repubblica/status/1330047303227502592,"Prati e alberi contro il riscaldamento globale. In citt√† funziona, ecco la prova [aggiornamento delle 17:03] https://t.co/0B76O8yzUa",https://twitter.com/repubblica,"[TextLink(text='greenandblue.it/2020/11/20/new‚Ä¶', url='https://www.greenandblue.it/2020/11/20/news/prati_e_alberi_contro_il_riscaldamento_globale_in_citta_funziona_ecco_la_prova-275136910/?timestamp=1605888231000', tcourl='https://t.co/0B76O8yzUa', indices=(109, 132))]",0,17,0,0
35,2020-09-21 12:39:32+00:00,https://twitter.com/repubblica/status/1308023054287601664,"I ragazzi del clima tornano in piazza: ""Fate presto, il riscaldamento globale divide il mondo"" [di GIACOMO TALIGNANI] [aggiornamento delle 14:05] https://t.co/u6wC4uoDOy",https://twitter.com/repubblica,"[TextLink(text='repubblica.it/ambiente/2020/‚Ä¶', url='https://www.repubblica.it/ambiente/2020/09/21/news/i_ragazzi_del_clima_tornano_in_piazza_fate_presto_la_crisi_climatica_divide_il_mondo_-268045262/?timestamp=1600689901000', tcourl='https://t.co/u6wC4uoDOy', indices=(146, 169))]",0,10,0,1
36,2020-09-21 12:31:03+00:00,https://twitter.com/repubblica/status/1308020918342414338,"I ragazzi del clima tornano in piazza: ""Fate presto, il riscaldamento globale divide il mondo"" https://t.co/T5nzcNazwm",https://twitter.com/repubblica,"[TextLink(text='repubblica.it/ambiente/2020/‚Ä¶', url='https://www.repubblica.it/ambiente/2020/09/21/news/i_ragazzi_del_clima_tornano_in_piazza_fate_presto_la_crisi_climatica_divide_il_mondo_-268045262/?rss&ref=twhr', tcourl='https://t.co/T5nzcNazwm', indices=(95, 118))]",1,11,0,2
37,2020-04-27 18:59:32+00:00,https://twitter.com/repubblica/status/1254847668418834433,Uragani pi√π lenti a causa del riscaldamento globale. E non √® una buona notizia https://t.co/hyfF8cFaBM,https://twitter.com/repubblica,"[TextLink(text='repubblica.it/ambiente/2020/‚Ä¶', url='https://www.repubblica.it/ambiente/2020/04/27/news/uragani_piu_lenti_a_causa_del_riscaldamento_globale_e_non_e_una_buona_notizia-255015225/?rss&ref=twhr', tcourl='https://t.co/hyfF8cFaBM', indices=(79, 102))]",0,6,0,4
38,2020-04-27 18:12:03+00:00,https://twitter.com/repubblica/status/1254835716703440896,Uragani pi√π lenti a causa del riscaldamento globale. E non √® una buona notizia [di MATTEO MARINI] [aggiornamento delle 14:18] https://t.co/10zRe0S7E9,https://twitter.com/repubblica,"[TextLink(text='repubblica.it/ambiente/2020/‚Ä¶', url='https://www.repubblica.it/ambiente/2020/04/27/news/uragani_piu_lenti_a_causa_del_riscaldamento_globale_e_non_e_una_buona_notizia-255015225/?timestamp=1587989937000', tcourl='https://t.co/10zRe0S7E9', indices=(126, 149))]",0,4,0,1
39,2020-04-22 21:37:05+00:00,https://twitter.com/repubblica/status/1253075378295504897,"Riscaldamento globale, quanto ne sai? Metti alla prova le tue conoscenze sui cambiamenti climatici in atto https://t.co/Sbcf7nPEOe #EarthDay #EarthDay2020 #GiornataMondialedellaTerra #GiornatadellaTerra #22aprile #clima",https://twitter.com/repubblica,"[TextLink(text='trib.al/o9ZpSXP', url='https://trib.al/o9ZpSXP', tcourl='https://t.co/Sbcf7nPEOe', indices=(107, 130))]",0,11,1,4
40,2020-04-22 20:17:06+00:00,https://twitter.com/repubblica/status/1253055249482420224,"Riscaldamento globale, quanto ne sai? Metti alla prova le tue conoscenze sui cambiamenti climatici in atto https://t.co/fIyFM2tcgF #EarthDay #EarthDay2020 #GiornataMondialedellaTerra #GiornatadellaTerra #22aprile #clima",https://twitter.com/repubblica,"[TextLink(text='trib.al/Y8zeeX8', url='https://trib.al/Y8zeeX8', tcourl='https://t.co/fIyFM2tcgF', indices=(107, 130))]",2,5,0,4
41,2020-04-22 19:37:03+00:00,https://twitter.com/repubblica/status/1253045167906590720,"Riscaldamento globale, quanto ne sai? Metti alla prova le tue conoscenze sui cambiamenti climatici in atto https://t.co/UWZWVt7lKY #EarthDay #EarthDay2020 #GiornataMondialedellaTerra #GiornatadellaTerra #22aprile #clima",https://twitter.com/repubblica,"[TextLink(text='trib.al/SGg2JGw', url='https://trib.al/SGg2JGw', tcourl='https://t.co/UWZWVt7lKY', indices=(107, 130))]",2,5,0,3
42,2020-04-22 19:07:03+00:00,https://twitter.com/repubblica/status/1253037620038447104,"Riscaldamento globale, quanto ne sai? Metti alla prova le tue conoscenze sui cambiamenti climatici in atto https://t.co/w7vgndHh9w #EarthDay #EarthDay2020 #GiornataMondialedellaTerra #GiornatadellaTerra #22aprile #clima",https://twitter.com/repubblica,"[TextLink(text='trib.al/m8Vk0CX', url='https://trib.al/m8Vk0CX', tcourl='https://t.co/w7vgndHh9w', indices=(107, 130))]",0,7,1,3
43,2020-04-22 18:45:11+00:00,https://twitter.com/repubblica/status/1253032118625734657,"Riscaldamento globale, quanto ne sai? Metti alla prova le tue conoscenze sui cambiamenti climatici in atto https://t.co/h6xlb7w0hW #EarthDay #EarthDay2020 #GiornataMondialedellaTerra #GiornatadellaTerra #22aprile #clima",https://twitter.com/repubblica,"[TextLink(text='trib.al/vKQe86Z', url='https://trib.al/vKQe86Z', tcourl='https://t.co/h6xlb7w0hW', indices=(107, 130))]",1,9,1,7
44,2020-04-22 17:37:08+00:00,https://twitter.com/repubblica/status/1253014991571222528,"Riscaldamento globale, quanto ne sai? Metti alla prova le tue conoscenze sui cambiamenti climatici in atto https://t.co/8lDGLBKZRM #EarthDay #EarthDay2020 #GiornataMondialedellaTerra #GiornatadellaTerra #22aprile",https://twitter.com/repubblica,"[TextLink(text='trib.al/gIl7JKW', url='https://trib.al/gIl7JKW', tcourl='https://t.co/8lDGLBKZRM', indices=(107, 130))]",0,7,0,4
45,2020-04-22 17:18:04+00:00,https://twitter.com/repubblica/status/1253010193786507269,"Riscaldamento globale, quanto ne sai? Metti alla prova le tue conoscenze sui cambiamenti climatici in atto https://t.co/4qft473zgc #EarthDay #EarthDay2020 #GiornataMondialedellaTerra #GiornatadellaTerra #22aprile",https://twitter.com/repubblica,"[TextLink(text='trib.al/Zgw2XPU', url='https://trib.al/Zgw2XPU', tcourl='https://t.co/4qft473zgc', indices=(107, 130))]",1,8,0,1
46,2020-04-22 16:27:07+00:00,https://twitter.com/repubblica/status/1252997370125660165,"Riscaldamento globale, quanto ne sai? Metti alla prova le tue conoscenze sui cambiamenti climatici in atto https://t.co/JR19faROMI #EarthDay #EarthDay2020 #GiornataMondialedellaTerra #GiornatadellaTerra #22aprile",https://twitter.com/repubblica,"[TextLink(text='trib.al/jsT1xG4', url='https://trib.al/jsT1xG4', tcourl='https://t.co/JR19faROMI', indices=(107, 130))]",1,7,0,4
47,2020-04-07 11:00:02+00:00,https://twitter.com/repubblica/status/1247479238942310402,"Clima, cos√¨ il moscerino alpino resiste al riscaldamento globale https://t.co/LgtRXt232u",https://twitter.com/repubblica,"[TextLink(text='repubblica.it/ambiente/2020/‚Ä¶', url='https://www.repubblica.it/ambiente/2020/04/06/news/clima_cosi_il_moscerino_alpino_resiste_al_riscaldamento_globale-253317012/?rss&ref=twhr', tcourl='https://t.co/LgtRXt232u', indices=(65, 88))]",1,3,0,0
48,2020-02-13 07:23:33+00:00,https://twitter.com/repubblica/status/1227855814171357184,Riscaldamento globale: curare gli oceani per salvare il Pianeta https://t.co/1XLiQHDK25 #effettoterra #perpetualplanet,https://twitter.com/repubblica,"[TextLink(text='larep.it/3bBiOiX', url='https://larep.it/3bBiOiX', tcourl='https://t.co/1XLiQHDK25', indices=(64, 87))]",1,14,0,8
49,2019-12-31 14:44:33+00:00,https://twitter.com/repubblica/status/1212021730014687237,"Merkel, saluto ambientalista: ""Il riscaldamento globale minaccia vera, ed √® colpa nostra"" [aggiornamento delle 13:40] https://t.co/LCM17idsLJ",https://twitter.com/repubblica,"[TextLink(text='larep.it/2SIgyjg', url='https://larep.it/2SIgyjg', tcourl='https://t.co/LCM17idsLJ', indices=(118, 141))]",2,13,0,6
50,2019-11-27 15:56:33+00:00,https://twitter.com/repubblica/status/1199718664183767040,"Clima, il tempo sta scadendo. Su Scienze la conferenza di Madrid sul riscaldamento globale [aggiornamento delle 15:23] https://t.co/xJcpJGn6Wh",https://twitter.com/repubblica,"[TextLink(text='larep.it/2DnnSYs', url='https://larep.it/2DnnSYs', tcourl='https://t.co/xJcpJGn6Wh', indices=(119, 142))]",0,10,0,5
51,2019-11-27 09:17:04+00:00,https://twitter.com/repubblica/status/1199618128600166400,"Clima, il tempo sta scadendo. Su Scienze la conferenza di Madrid sul riscaldamento globale https://t.co/UMWWPhXC5g",https://twitter.com/repubblica,"[TextLink(text='larep.it/33i80Ba', url='https://larep.it/33i80Ba', tcourl='https://t.co/UMWWPhXC5g', indices=(91, 114))]",1,1,0,0
52,2019-11-27 08:31:33+00:00,https://twitter.com/repubblica/status/1199606673507094529,"Clima, il tempo sta scadendo. Su Scienze la conferenza di Madrid sul riscaldamento globale [aggiornamento delle 21:31] https://t.co/3dWrrV0Gxg",https://twitter.com/repubblica,"[TextLink(text='larep.it/2DjA3W6', url='https://larep.it/2DjA3W6', tcourl='https://t.co/3dWrrV0Gxg', indices=(119, 142))]",1,8,0,4
53,2019-11-09 07:08:05+00:00,https://twitter.com/repubblica/status/1193062687657168897,"Oggi su Rep: üëáüóû Riscaldamento globale, quei peli nell‚Äôuovo contro l‚Äôambiente [di STEFANO MANCUSO] https://t.co/seXuw3RXEw",https://twitter.com/repubblica,"[TextLink(text='larep.it/2NSnS7P', url='https://larep.it/2NSnS7P', tcourl='https://t.co/seXuw3RXEw', indices=(98, 121))]",1,4,2,0
54,2019-11-09 04:03:32+00:00,https://twitter.com/repubblica/status/1193016244124835841,"Riscaldamento globale, quei peli nell‚Äôuovo contro l‚Äôambiente https://t.co/PRhy74lGDu",https://twitter.com/repubblica,"[TextLink(text='larep.it/2WVlzVs', url='https://larep.it/2WVlzVs', tcourl='https://t.co/PRhy74lGDu', indices=(61, 84))]",0,2,0,2
55,2019-08-08 09:10:10+00:00,https://twitter.com/repubblica/status/1159391340544704512,"Clima, tonno e merluzzo contaminati: mercurio in aumento a causa del riscaldamento globale [news aggiornata alle 11:06] https://t.co/sC6tsWobcD",https://twitter.com/repubblica,"[TextLink(text='larep.it/2GVw7x2', url='https://larep.it/2GVw7x2', tcourl='https://t.co/sC6tsWobcD', indices=(120, 143))]",1,9,0,9
56,2019-08-08 09:06:14+00:00,https://twitter.com/repubblica/status/1159390348654723072,"Clima, tonno e merluzzo contaminati: mercurio in aumento a causa del riscaldamento globale https://t.co/cPxiDeno1a",https://twitter.com/repubblica,"[TextLink(text='larep.it/2YUlAZ6', url='https://larep.it/2YUlAZ6', tcourl='https://t.co/cPxiDeno1a', indices=(91, 114))]",0,5,0,8
57,2019-07-30 14:51:11+00:00,https://twitter.com/repubblica/status/1156215670603841537,"Luca Parmitano dalla Iss: ""Dalle stelle si vede il riscaldamento globale, nostro nemico numero 1"" [news aggiornata alle 16:04] https://t.co/X4btLSwTDM",https://twitter.com/repubblica,"[TextLink(text='larep.it/314Tdcc', url='https://larep.it/314Tdcc', tcourl='https://t.co/X4btLSwTDM', indices=(127, 150))]",1,38,1,12
58,2019-07-29 15:14:08+00:00,https://twitter.com/repubblica/status/1155859058261254146,"Parmitano dalla Iss: ""Dalle stelle si vede il riscaldamento globale, nostro nemico numero 1"" [news aggiornata alle 16:29] https://t.co/uzfAsucdUg",https://twitter.com/repubblica,"[TextLink(text='larep.it/310JPGC', url='https://larep.it/310JPGC', tcourl='https://t.co/uzfAsucdUg', indices=(122, 145))]",0,31,2,9
59,2019-07-20 07:35:11+00:00,https://twitter.com/repubblica/status/1152482065050243072,"Oggi su Rep: üëáüóû Adamello, il gigante in agonia: ""Il ghiacciaio si scioglie, colpa del riscaldamento globale"" https://t.co/4A0AsOg4Hp",https://twitter.com/repubblica,"[TextLink(text='larep.it/2XRigTa', url='https://larep.it/2XRigTa', tcourl='https://t.co/4A0AsOg4Hp', indices=(109, 132))]",0,4,0,4
60,2019-05-02 10:38:03+00:00,https://twitter.com/repubblica/status/1123899447027675136,"Oceani, venti pi√π veloci e onde pi√π alte: ""Colpa del riscaldamento globale"" https://t.co/Qt877Y3oKb",https://twitter.com/repubblica,"[TextLink(text='larep.it/2VADcMf', url='https://larep.it/2VADcMf', tcourl='https://t.co/Qt877Y3oKb', indices=(76, 99))]",0,7,0,5
61,2019-05-02 10:37:33+00:00,https://twitter.com/repubblica/status/1123899321525637125,"Oceani, venti pi√π veloci e onde pi√π alte: ""Colpa del riscaldamento globale"" [news aggiornata alle 20:19] https://t.co/6LcCTlNXEY",https://twitter.com/repubblica,"[TextLink(text='larep.it/2Lh2VFt', url='https://larep.it/2Lh2VFt', tcourl='https://t.co/6LcCTlNXEY', indices=(105, 128))]",0,2,0,1
62,2019-02-01 16:27:34+00:00,https://twitter.com/repubblica/status/1091372497843367936,"Sciopero del clima, tutti con Greta per protestare contro il riscaldamento globale [news aggiornata alle 15:15] https://t.co/W0UxHOSO84",https://twitter.com/repubblica,"[TextLink(text='larep.it/2HMgyKW', url='https://larep.it/2HMgyKW', tcourl='https://t.co/W0UxHOSO84', indices=(112, 135))]",2,12,0,3
63,2019-02-01 12:07:33+00:00,https://twitter.com/repubblica/status/1091307062523392001,"Sciopero del clima, tutti con Greta per protestare contro il riscaldamento globale [news aggiornata alle 09:59] https://t.co/CElfobsznq",https://twitter.com/repubblica,"[TextLink(text='larep.it/2t8uzJ3', url='https://larep.it/2t8uzJ3', tcourl='https://t.co/CElfobsznq', indices=(112, 135))]",2,7,0,3
64,2018-12-03 12:42:06+00:00,https://twitter.com/repubblica/status/1069572482133241858,"Cop24, riscaldamento globale la sfida dei leader. Ma per Guterres ""il mondo √® fuori rotta"" [news aggiornata alle 12:25] https://t.co/LOROqAKWrJ",https://twitter.com/repubblica,"[TextLink(text='larep.it/2DZPZyF', url='https://larep.it/2DZPZyF', tcourl='https://t.co/LOROqAKWrJ', indices=(120, 143))]",2,3,0,2
65,2018-09-02 08:42:06+00:00,https://twitter.com/repubblica/status/1036172400369385472,"Greta, 15 anni, come il ministro francese: ""Niente scuola: sciopero contro il riscaldamento globale"" [news aggiornata alle 19:12] https://t.co/JB4zRhtPUH",https://twitter.com/repubblica,"[TextLink(text='larep.it/2NFhHma', url='https://larep.it/2NFhHma', tcourl='https://t.co/JB4zRhtPUH', indices=(130, 153))]",5,42,3,13
66,2018-06-27 06:58:46+00:00,https://twitter.com/repubblica/status/1011866411029786624,"Oggi su @repubblicaüóû La guerra al riscaldamento globale: stacca la spina, salverai il mondo https://t.co/tgKPJCkknS (e su Rep:üëá)",https://twitter.com/repubblica,"[TextLink(text='larep.it/2twucsh', url='https://larep.it/2twucsh', tcourl='https://t.co/tgKPJCkknS', indices=(92, 115))]",0,9,0,7
67,2018-05-20 04:23:04+00:00,https://twitter.com/repubblica/status/998056487472709633,Rischiamo di vedere sempre meno rondini: uccelli migratori minacciati dal riscaldamento globale [news aggiornata alle 15:42] https://t.co/puGg1ieO6S,https://twitter.com/repubblica,"[TextLink(text='larep.it/2KFsjj8', url='https://larep.it/2KFsjj8', tcourl='https://t.co/puGg1ieO6S', indices=(125, 148))]",5,75,2,53
68,2018-05-04 09:18:07+00:00,https://twitter.com/repubblica/status/992332532975783936,"Artico, la sfida dell'ong: Trump scolpito nel ghiaccio per dimostrare che il riscaldamento globale esiste [news aggiornata alle 19:03] https://t.co/iRhlvy9BP2",https://twitter.com/repubblica,"[TextLink(text='larep.it/2I9c9kr', url='https://larep.it/2I9c9kr', tcourl='https://t.co/iRhlvy9BP2', indices=(135, 158))]",1,27,1,14
69,2017-12-29 17:03:06+00:00,https://twitter.com/repubblica/status/946788681326632960,"""Agli Usa far√† bene un po' di riscaldamento globale'', ironia di Trump sul clima https://t.co/YjtLemILlH",https://twitter.com/repubblica,"[TextLink(text='larep.it/2DxuDVw', url='http://larep.it/2DxuDVw', tcourl='https://t.co/YjtLemILlH', indices=(81, 104))]",3,3,2,3
70,2017-12-29 16:37:12+00:00,https://twitter.com/repubblica/status/946782163101351937,"""Agli Usa far√† bene un po' di riscaldamento globale'', ironia di Trump sul clima https://t.co/Mrton7LuDr",https://twitter.com/repubblica,"[TextLink(text='larep.it/2DxA9HT', url='http://larep.it/2DxA9HT', tcourl='https://t.co/Mrton7LuDr', indices=(81, 104))]",8,4,4,6
71,2017-12-29 15:47:06+00:00,https://twitter.com/repubblica/status/946769553303814144,"""Agli Usa far√† bene un po' di riscaldamento globale'', ironia di Trump sul clima https://t.co/7dqHLBg6NU",https://twitter.com/repubblica,"[TextLink(text='larep.it/2Cnp0tI', url='http://larep.it/2Cnp0tI', tcourl='https://t.co/7dqHLBg6NU', indices=(81, 104))]",6,1,3,3
72,2017-12-29 13:58:10+00:00,https://twitter.com/repubblica/status/946742139509137408,"""Agli Usa far√† bene un po' di riscaldamento globale'', ironia di Trump sul clima https://t.co/rNOdX39Zc7",https://twitter.com/repubblica,"[TextLink(text='larep.it/2Dv3suz', url='http://larep.it/2Dv3suz', tcourl='https://t.co/rNOdX39Zc7', indices=(81, 104))]",1,3,1,3
73,2017-12-29 13:24:17+00:00,https://twitter.com/repubblica/status/946733614217142272,"""Agli Usa far√† bene un po' di riscaldamento globale'', ironia di Trump sul clima https://t.co/eZXYxf74qb",https://twitter.com/repubblica,"[TextLink(text='larep.it/2DvWplj', url='http://larep.it/2DvWplj', tcourl='https://t.co/eZXYxf74qb', indices=(81, 104))]",31,9,9,4
74,2017-12-29 12:31:08+00:00,https://twitter.com/repubblica/status/946720238858407936,"""Agli Usa far√† bene un po' di riscaldamento globale'', ironia di Trump sul clima https://t.co/jvbgDwRoHH",https://twitter.com/repubblica,"[TextLink(text='larep.it/2DuVuSd', url='http://larep.it/2DuVuSd', tcourl='https://t.co/jvbgDwRoHH', indices=(81, 104))]",6,6,7,2
75,2017-12-29 11:56:09+00:00,https://twitter.com/repubblica/status/946711434083287041,"""Agli Usa far√† bene un po' di riscaldamento globale'', ironia di Trump sul clima https://t.co/WgLigNlYQK",https://twitter.com/repubblica,"[TextLink(text='larep.it/2CmXuNg', url='http://larep.it/2CmXuNg', tcourl='https://t.co/WgLigNlYQK', indices=(81, 104))]",3,1,2,1
76,2017-12-29 11:38:07+00:00,https://twitter.com/repubblica/status/946706895695257600,"""Agli Usa far√† bene un po' di riscaldamento globale'', ironia di Trump sul clima https://t.co/0jBrVvdi1j",https://twitter.com/repubblica,"[TextLink(text='larep.it/2DsLadm', url='http://larep.it/2DsLadm', tcourl='https://t.co/0jBrVvdi1j', indices=(81, 104))]",8,6,3,6
77,2017-12-29 11:20:08+00:00,https://twitter.com/repubblica/status/946702369399586816,"""Agli Usa far√† bene un po' di riscaldamento globale'', ironia di Trump sul clima https://t.co/obC4QIj0PA",https://twitter.com/repubblica,"[TextLink(text='larep.it/2Dwtldz', url='http://larep.it/2Dwtldz', tcourl='https://t.co/obC4QIj0PA', indices=(81, 104))]",12,8,3,10
78,2017-12-29 11:14:05+00:00,https://twitter.com/repubblica/status/946700845843755008,"""Agli Usa far√† bene un po' di riscaldamento globale'', ironia di Trump sul clima https://t.co/z1YefpwCJe",https://twitter.com/repubblica,"[TextLink(text='larep.it/2DtURZa', url='http://larep.it/2DtURZa', tcourl='https://t.co/z1YefpwCJe', indices=(81, 104))]",10,10,10,13
79,2017-09-04 08:06:09+00:00,https://twitter.com/repubblica/status/904616561989771264,"Riscaldamento globale, i laghi a rischio https://t.co/uWpGIKdxN3",https://twitter.com/repubblica,"[TextLink(text='larep.it/2vy8p6D', url='http://larep.it/2vy8p6D', tcourl='https://t.co/uWpGIKdxN3', indices=(41, 64))]",0,5,0,3
80,2017-09-01 17:47:21+00:00,https://twitter.com/repubblica/status/903675659431493632,"Riscaldamento globale, i laghi a rischio https://t.co/uWpGIKdxN3",https://twitter.com/repubblica,"[TextLink(text='larep.it/2vy8p6D', url='http://larep.it/2vy8p6D', tcourl='https://t.co/uWpGIKdxN3', indices=(41, 64))]",2,12,1,17
81,2017-08-25 12:25:44+00:00,https://twitter.com/repubblica/status/901058007118733317,Studio: il riscaldamento globale altera il regime delle alluvioni in Europa https://t.co/qbZPdxneEB,https://twitter.com/repubblica,"[TextLink(text='larep.it/2gbYzAc', url='http://larep.it/2gbYzAc', tcourl='https://t.co/qbZPdxneEB', indices=(76, 99))]",0,5,0,4
82,2017-07-01 11:29:13+00:00,https://twitter.com/repubblica/status/881112451776864257,"""Cos√¨ il riscaldamento globale impoverir√† gli Stati Uniti"" https://t.co/a80KssHnNC",https://twitter.com/repubblica,"[TextLink(text='larep.it/2scbvr0', url='http://larep.it/2scbvr0', tcourl='https://t.co/a80KssHnNC', indices=(59, 82))]",2,1,0,2
83,2017-06-30 08:06:14+00:00,https://twitter.com/repubblica/status/880698980270841856,"""Cos√¨ il riscaldamento globale impoverir√† gli Stati Uniti"" https://t.co/h3DNChN8WG",https://twitter.com/repubblica,"[TextLink(text='larep.it/2tqY9el', url='http://larep.it/2tqY9el', tcourl='https://t.co/h3DNChN8WG', indices=(59, 82))]",1,7,3,10
84,2017-06-30 07:02:08+00:00,https://twitter.com/repubblica/status/880682851741597697,"""Cos√¨ il riscaldamento globale impoverir√† gli Stati Uniti"" https://t.co/NQRzeLZ94p",https://twitter.com/repubblica,"[TextLink(text='larep.it/2tqDebv', url='http://larep.it/2tqDebv', tcourl='https://t.co/NQRzeLZ94p', indices=(59, 82))]",1,17,1,12
85,2017-06-30 01:50:08+00:00,https://twitter.com/repubblica/status/880604331048697856,"""Cos√¨ il riscaldamento globale impoverir√† gli Stati Uniti"" https://t.co/NQRzeLHxFP",https://twitter.com/repubblica,"[TextLink(text='larep.it/2tqDebv', url='http://larep.it/2tqDebv', tcourl='https://t.co/NQRzeLHxFP', indices=(59, 82))]",0,3,0,5
86,2017-06-30 01:43:06+00:00,https://twitter.com/repubblica/status/880602563044794369,"""Cos√¨ il riscaldamento globale impoverir√† gli Stati Uniti"" https://t.co/mi31ylLbUN",https://twitter.com/repubblica,"[TextLink(text='larep.it/2tqprSl', url='http://larep.it/2tqprSl', tcourl='https://t.co/mi31ylLbUN', indices=(59, 82))]",0,15,3,23
87,2017-05-04 02:26:12+00:00,https://twitter.com/repubblica/status/859957302379520000,"Oceani, in aumento le alghe tossiche a causa del riscaldamento globale https://t.co/1YksXcTWm9",https://twitter.com/repubblica,"[TextLink(text='larep.it/2qGKJWO', url='http://larep.it/2qGKJWO', tcourl='https://t.co/1YksXcTWm9', indices=(71, 94))]",0,3,0,10
88,2017-01-30 12:00:49+00:00,https://twitter.com/repubblica/status/826037447213461506,"Dai Pirenei al Polo Nord con i cani da slitta, per raccontare il riscaldamento globale https://t.co/FE4NWBiMCH",https://twitter.com/repubblica,"[TextLink(text='larep.it/2jJGAjS', url='http://larep.it/2jJGAjS', tcourl='https://t.co/FE4NWBiMCH', indices=(87, 110))]",0,8,0,4
89,2017-01-30 11:57:25+00:00,https://twitter.com/repubblica/status/826036593500696578,"Dai Pirenei al Polo Nord con i cani da slitta, per raccontare il riscaldamento globale https://t.co/8y2wMcXxUQ",https://twitter.com/repubblica,"[TextLink(text='larep.it/2jJJYeV', url='http://larep.it/2jJJYeV', tcourl='https://t.co/8y2wMcXxUQ', indices=(87, 110))]",0,2,0,1
90,2016-12-12 09:22:47+00:00,https://twitter.com/repubblica/status/808240671253413889,Riscaldamento globale: il permafrost si scioglie e libera gas serra https://t.co/ZQb43FcaqV,https://twitter.com/repubblica,"[TextLink(text='larep.it/2gCKaLj', url='http://larep.it/2gCKaLj', tcourl='https://t.co/ZQb43FcaqV', indices=(68, 91))]",3,11,0,15
91,2016-12-03 07:30:08+00:00,https://twitter.com/repubblica/status/804950834488307712,"Riscaldamento globale, da Parigi a Citt√† del Messico: ''Via il diesel dal 2025'' https://t.co/UPrmVFIEpF",https://twitter.com/repubblica,"[TextLink(text='larep.it/2gLnzud', url='http://larep.it/2gLnzud', tcourl='https://t.co/UPrmVFIEpF', indices=(81, 104))]",1,18,3,19
92,2016-12-02 18:59:37+00:00,https://twitter.com/repubblica/status/804761958113124352,"Riscaldamento globale, da Parigi a Citt√† del Messico: ''Via il diesel dal 2025'' https://t.co/HHNhSrXUnw",https://twitter.com/repubblica,"[TextLink(text='larep.it/2gP5374', url='http://larep.it/2gP5374', tcourl='https://t.co/HHNhSrXUnw', indices=(81, 104))]",3,4,0,3
93,2016-12-02 18:55:39+00:00,https://twitter.com/repubblica/status/804760962792202240,"Riscaldamento globale, da Parigi a Citt√† del Messico: ''Via il diesel dal 2025'' https://t.co/ENTd1XNgxp",https://twitter.com/repubblica,"[TextLink(text='larep.it/2gP9BtP', url='http://larep.it/2gP9BtP', tcourl='https://t.co/ENTd1XNgxp', indices=(81, 104))]",1,5,0,4
94,2016-11-14 15:29:41+00:00,https://twitter.com/repubblica/status/798186144387059712,"Clima: 1884-2014, il riscaldamento globale secondo la Nasa https://t.co/vyWSOhACU9",https://twitter.com/repubblica,"[TextLink(text='larep.it/2g7yu5c', url='http://larep.it/2g7yu5c', tcourl='https://t.co/vyWSOhACU9', indices=(59, 82))]",1,5,2,11
95,2016-10-01 09:21:15+00:00,https://twitter.com/repubblica/status/782148359679188992,L'Europa d√† il la all'accordo contro il riscaldamento globale https://t.co/FFWi9u3S4C,https://twitter.com/repubblica,"[TextLink(text='larep.it/2dsz8Yg', url='http://larep.it/2dsz8Yg', tcourl='https://t.co/FFWi9u3S4C', indices=(62, 85))]",0,2,1,2
96,2016-10-01 08:57:15+00:00,https://twitter.com/repubblica/status/782142319315197952,L'Europa d√† il la all'accordo contro il riscaldamento globale https://t.co/C0mPMYpS7P,https://twitter.com/repubblica,"[TextLink(text='larep.it/2d3iN8T', url='http://larep.it/2d3iN8T', tcourl='https://t.co/C0mPMYpS7P', indices=(62, 85))]",6,3,0,1
97,2016-10-01 08:45:17+00:00,https://twitter.com/repubblica/status/782139310984179712,L'Europa d√† il la all'accordo contro il riscaldamento globale https://t.co/3qDOkzmJ5V,https://twitter.com/repubblica,"[TextLink(text='larep.it/2dsvE8g', url='http://larep.it/2dsvE8g', tcourl='https://t.co/3qDOkzmJ5V', indices=(62, 85))]",1,2,1,3
98,2016-09-23 09:56:02+00:00,https://twitter.com/repubblica/status/779258010535235584,"Elezioni usa e il tema Clima: ""Trump non riconoscere che il riscaldamento globale √® una realt√†"" https://t.co/licsoS54VQ",https://twitter.com/repubblica,"[TextLink(text='larep.it/2ddAPFW', url='http://larep.it/2ddAPFW', tcourl='https://t.co/licsoS54VQ', indices=(96, 119))]",0,5,0,5
99,2016-09-22 23:41:17+00:00,https://twitter.com/repubblica/status/779103302931709952,"Clima: ""Trump non riconoscere che il riscaldamento globale √® una realt√†"" https://t.co/licsoS54VQ",https://twitter.com/repubblica,"[TextLink(text='larep.it/2ddAPFW', url='http://larep.it/2ddAPFW', tcourl='https://t.co/licsoS54VQ', indices=(73, 96))]",1,1,1,2
100,2016-09-18 23:31:13+00:00,https://twitter.com/repubblica/status/777651217665101824,L'orso polare diventa cannibale per colpa del riscaldamento globale https://t.co/GZdZoMeeS0,https://twitter.com/repubblica,"[TextLink(text='larep.it/2d0qI7r', url='http://larep.it/2d0qI7r', tcourl='https://t.co/GZdZoMeeS0', indices=(68, 91))]",0,11,2,13
101,2016-09-18 16:07:40+00:00,https://twitter.com/repubblica/status/777539597991501826,L'orso polare diventa cannibale per colpa del riscaldamento globale https://t.co/pnJgmizPD0,https://twitter.com/repubblica,"[TextLink(text='larep.it/2cQE2xV', url='http://larep.it/2cQE2xV', tcourl='https://t.co/pnJgmizPD0', indices=(68, 91))]",2,17,1,23
102,2016-08-26 01:46:06+00:00,https://twitter.com/repubblica/status/768987855041368065,Clima: impatto umano su riscaldamento globale gi√† dal 1830 https://t.co/5wU99oex30,https://twitter.com/repubblica,"[TextLink(text='larep.it/2ccGrEj', url='http://larep.it/2ccGrEj', tcourl='https://t.co/5wU99oex30', indices=(59, 82))]",1,5,0,15
103,2016-08-14 22:04:15+00:00,https://twitter.com/repubblica/status/764945759556898816,Il mare sta salendo: colpa del riscaldamento globale https://t.co/PMcJBOOgRR,https://twitter.com/repubblica,"[TextLink(text='larep.it/2bvG7jT', url='http://larep.it/2bvG7jT', tcourl='https://t.co/PMcJBOOgRR', indices=(53, 76))]",4,16,1,9
104,2016-06-17 17:24:15+00:00,https://twitter.com/repubblica/status/743856799426633731,"Riscaldamento globale, com'√® cambiata la temperatura negli anni https://t.co/alwDUfIaM5",https://twitter.com/repubblica,"[TextLink(text='larep.it/24W9U4e', url='http://larep.it/24W9U4e', tcourl='https://t.co/alwDUfIaM5', indices=(64, 87))]",2,12,1,12
105,2016-06-16 11:23:13+00:00,https://twitter.com/repubblica/status/743403553822121984,"Siberia, ecco 'la porta per l'inferno': una gigantesca voragine causata dal riscaldamento globale https://t.co/QWG0Y5Cs1k",https://twitter.com/repubblica,"[TextLink(text='larep.it/23dDeE0', url='http://larep.it/23dDeE0', tcourl='https://t.co/QWG0Y5Cs1k', indices=(98, 121))]",2,34,0,49
106,2016-06-15 16:09:06+00:00,https://twitter.com/repubblica/status/743113110752366594,A caccia del fresco: sar√† boom di condizionatori. Ma attenti al riscaldamento globale https://t.co/mRNQFibmJr,https://twitter.com/repubblica,"[TextLink(text='larep.it/23alQ36', url='http://larep.it/23alQ36', tcourl='https://t.co/mRNQFibmJr', indices=(86, 109))]",0,2,0,2
107,2016-04-19 15:50:08+00:00,https://twitter.com/repubblica/status/722452228192120832,"Senato, Verdini non commenta processi, ma su riscaldamento globale: ""√à bellissimo"" https://t.co/z10klP6mG3",https://twitter.com/repubblica,"[TextLink(text='larep.it/1S8qNX1', url='http://larep.it/1S8qNX1', tcourl='https://t.co/z10klP6mG3', indices=(83, 106))]",0,2,0,3
108,2015-10-22 13:47:40+00:00,https://twitter.com/repubblica/status/657191594114715648,Riscaldamento globale: danni economici nel 75% dei Paesi del mondo https://t.co/1GPiyQzcac https://t.co/I8urmxDH8f,https://twitter.com/repubblica,"[TextLink(text='larep.it/1PCF7pS', url='http://larep.it/1PCF7pS', tcourl='https://t.co/1GPiyQzcac', indices=(67, 90))]",0,11,0,20
109,2015-04-23 12:23:16+00:00,https://twitter.com/repubblica/status/591215762972377088,"""Pi√π parchi e meno spreco di cibo per fermare il riscaldamento globale"" http://t.co/R84pcHEYCr http://t.co/nAC3yOLTJj",https://twitter.com/repubblica,"[TextLink(text='larep.it/1EgVNNu', url='http://larep.it/1EgVNNu', tcourl='http://t.co/R84pcHEYCr', indices=(72, 94))]",0,5,0,8
110,2014-04-13 13:00:42+00:00,https://twitter.com/repubblica/status/455329731005517824,"Riscaldamento globale, l'Ipcc: ""Dobbiamo tagliare emissioni, invece aumentano ancora"" http://t.co/6K6kNL1aRi http://t.co/BQUfYglah0",https://twitter.com/repubblica,"[TextLink(text='larep.it/1iIvORB', url='http://larep.it/1iIvORB', tcourl='http://t.co/6K6kNL1aRi', indices=(86, 108))]",5,26,0,41
111,2014-04-13 09:19:40+00:00,https://twitter.com/repubblica/status/455274107718729728,"Riscaldamento globale, l'Ipcc: ""Dobbiamo tagliare emissioni e invece continuano ad aumentare"" http://t.co/PBCn9NiEo8",https://twitter.com/repubblica,"[TextLink(text='larep.it/1qTFdIY', url='http://larep.it/1qTFdIY', tcourl='http://t.co/PBCn9NiEo8', indices=(94, 116))]",1,12,0,22
112,2012-10-23 02:21:44+00:00,https://twitter.com/repubblica/status/260566645834149889,Al Gore interviene nel #dibattito via Twitter: dov'√® il tema del riscaldamento globale? / segui la diretta su Rep.it http://t.co/fzsA2VTK,https://twitter.com/repubblica,"[TextLink(text='repubblica.it/esteri/elezion‚Ä¶', url='http://www.repubblica.it/esteri/elezioni-usa/2012/10/23/news/obama-romney_il_terzo_faccia_a_faccia-45112986/', tcourl='http://t.co/fzsA2VTK', indices=(117, 137))]",0,2,0,10
