"ITTER107","Territorio","TIPO_DATO7","Tipo dato","CORREZ","Correzione","EDIFICI","Tipologia edilizia","TIME","Seleziona periodo","Value","Flag Codes","Flags"
"IT","Italia","NUMDW","abitazioni","N","dati grezzi","NEW_RS_BUIL","fabbricati residenziali nuovi","2000-Q2","T2-2000",47040,,
"IT","Italia","NUMDW","abitazioni","N","dati grezzi","NEW_RS_BUIL","fabbricati residenziali nuovi","2000-Q1","T1-2000",44732,,
"IT","Italia","NUMDW","abitazioni","N","dati grezzi","NEW_RS_BUIL","fabbricati residenziali nuovi","2000-Q4","T4-2000",48231,,
"IT","Italia","NUMDW","abitazioni","N","dati grezzi","NEW_RS_BUIL","fabbricati residenziali nuovi","2000-Q3","T3-2000",44421,,
"IT","Italia","NUMDW","abitazioni","N","dati grezzi","NEW_RS_BUIL","fabbricati residenziali nuovi","2001-Q1","T1-2001",44842,,
"IT","Italia","NUMDW","abitazioni","N","dati grezzi","NEW_RS_BUIL","fabbricati residenziali nuovi","2001-Q2","T2-2001",52839,,
"IT","Italia","NUMDW","abitazioni","N","dati grezzi","NEW_RS_BUIL","fabbricati residenziali nuovi","2001-Q4","T4-2001",47404,,
"IT","Italia","NUMDW","abitazioni","N","dati grezzi","NEW_RS_BUIL","fabbricati residenziali nuovi","2001-Q3","T3-2001",43940,,
"IT","Italia","NUMDW","abitazioni","N","dati grezzi","NEW_RS_BUIL","fabbricati residenziali nuovi","2002-Q2","T2-2002",55005,,
"IT","Italia","NUMDW","abitazioni","N","dati grezzi","NEW_RS_BUIL","fabbricati residenziali nuovi","2002-Q1","T1-2002",49156,,
"IT","Italia","NUMDW","abitazioni","N","dati grezzi","NEW_RS_BUIL","fabbricati residenziali nuovi","2002-Q4","T4-2002",55246,,
"IT","Italia","NUMDW","abitazioni","N","dati grezzi","NEW_RS_BUIL","fabbricati residenziali nuovi","2002-Q3","T3-2002",49821,,
"IT","Italia","NUMDW","abitazioni","N","dati grezzi","NEW_RS_BUIL","fabbricati residenziali nuovi","2003-Q1","T1-2003",55375,,
"IT","Italia","NUMDW","abitazioni","N","dati grezzi","NEW_RS_BUIL","fabbricati residenziali nuovi","2003-Q2","T2-2003",59494,,
"IT","Italia","NUMDW","abitazioni","N","dati grezzi","NEW_RS_BUIL","fabbricati residenziali nuovi","2003-Q4","T4-2003",60591,,
"IT","Italia","NUMDW","abitazioni","N","dati grezzi","NEW_RS_BUIL","fabbricati residenziali nuovi","2003-Q3","T3-2003",54066,,
"IT","Italia","NUMDW","abitazioni","N","dati grezzi","NEW_RS_BUIL","fabbricati residenziali nuovi","2004-Q2","T2-2004",72800,,
"IT","Italia","NUMDW","abitazioni","N","dati grezzi","NEW_RS_BUIL","fabbricati residenziali nuovi","2004-Q1","T1-2004",61241,,
"IT","Italia","NUMDW","abitazioni","N","dati grezzi","NEW_RS_BUIL","fabbricati residenziali nuovi","2004-Q4","T4-2004",71664,,
"IT","Italia","NUMDW","abitazioni","N","dati grezzi","NEW_RS_BUIL","fabbricati residenziali nuovi","2004-Q3","T3-2004",62680,,
"IT","Italia","NUMDW","abitazioni","N","dati grezzi","NEW_RS_BUIL","fabbricati residenziali nuovi","2005-Q1","T1-2005",64633,,
"IT","Italia","NUMDW","abitazioni","N","dati grezzi","NEW_RS_BUIL","fabbricati residenziali nuovi","2005-Q2","T2-2005",78052,,
"IT","Italia","NUMDW","abitazioni","N","dati grezzi","NEW_RS_BUIL","fabbricati residenziali nuovi","2005-Q4","T4-2005",68667,,
"IT","Italia","NUMDW","abitazioni","N","dati grezzi","NEW_RS_BUIL","fabbricati residenziali nuovi","2005-Q3","T3-2005",67250,,
"IT","Italia","NUMDW","abitazioni","N","dati grezzi","NEW_RS_BUIL","fabbricati residenziali nuovi","2006-Q2","T2-2006",71359,,
"IT","Italia","NUMDW","abitazioni","N","dati grezzi","NEW_RS_BUIL","fabbricati residenziali nuovi","2006-Q1","T1-2006",62918,,
"IT","Italia","NUMDW","abitazioni","N","dati grezzi","NEW_RS_BUIL","fabbricati residenziali nuovi","2006-Q4","T4-2006",65792,,
"IT","Italia","NUMDW","abitazioni","N","dati grezzi","NEW_RS_BUIL","fabbricati residenziali nuovi","2006-Q3","T3-2006",61386,,
"IT","Italia","NUMDW","abitazioni","N","dati grezzi","NEW_RS_BUIL","fabbricati residenziali nuovi","2007-Q1","T1-2007",61301,,
"IT","Italia","NUMDW","abitazioni","N","dati grezzi","NEW_RS_BUIL","fabbricati residenziali nuovi","2007-Q2","T2-2007",66335,,
"IT","Italia","NUMDW","abitazioni","N","dati grezzi","NEW_RS_BUIL","fabbricati residenziali nuovi","2007-Q4","T4-2007",63773,,
"IT","Italia","NUMDW","abitazioni","N","dati grezzi","NEW_RS_BUIL","fabbricati residenziali nuovi","2007-Q3","T3-2007",58862,,
"IT","Italia","NUMDW","abitazioni","N","dati grezzi","NEW_RS_BUIL","fabbricati residenziali nuovi","2008-Q2","T2-2008",49640,,
"IT","Italia","NUMDW","abitazioni","N","dati grezzi","NEW_RS_BUIL","fabbricati residenziali nuovi","2008-Q1","T1-2008",50780,,
"IT","Italia","NUMDW","abitazioni","N","dati grezzi","NEW_RS_BUIL","fabbricati residenziali nuovi","2008-Q4","T4-2008",46611,,
"IT","Italia","NUMDW","abitazioni","N","dati grezzi","NEW_RS_BUIL","fabbricati residenziali nuovi","2008-Q3","T3-2008",44752,,
"IT","Italia","NUMDW","abitazioni","N","dati grezzi","NEW_RS_BUIL","fabbricati residenziali nuovi","2009-Q1","T1-2009",36314,,
"IT","Italia","NUMDW","abitazioni","N","dati grezzi","NEW_RS_BUIL","fabbricati residenziali nuovi","2009-Q2","T2-2009",42397,,
"IT","Italia","NUMDW","abitazioni","N","dati grezzi","NEW_RS_BUIL","fabbricati residenziali nuovi","2009-Q4","T4-2009",32326,,
"IT","Italia","NUMDW","abitazioni","N","dati grezzi","NEW_RS_BUIL","fabbricati residenziali nuovi","2009-Q3","T3-2009",30550,,
"IT","Italia","NUMDW","abitazioni","N","dati grezzi","NEW_RS_BUIL","fabbricati residenziali nuovi","2010-Q2","T2-2010",29942,,
"IT","Italia","NUMDW","abitazioni","N","dati grezzi","NEW_RS_BUIL","fabbricati residenziali nuovi","2010-Q1","T1-2010",26363,,
"IT","Italia","NUMDW","abitazioni","N","dati grezzi","NEW_RS_BUIL","fabbricati residenziali nuovi","2010-Q4","T4-2010",27530,,
"IT","Italia","NUMDW","abitazioni","N","dati grezzi","NEW_RS_BUIL","fabbricati residenziali nuovi","2010-Q3","T3-2010",26551,,
"IT","Italia","NUMDW","abitazioni","N","dati grezzi","NEW_RS_BUIL","fabbricati residenziali nuovi","2011-Q1","T1-2011",25900,,
"IT","Italia","NUMDW","abitazioni","N","dati grezzi","NEW_RS_BUIL","fabbricati residenziali nuovi","2011-Q2","T2-2011",28146,,
"IT","Italia","NUMDW","abitazioni","N","dati grezzi","NEW_RS_BUIL","fabbricati residenziali nuovi","2011-Q4","T4-2011",26419,,
"IT","Italia","NUMDW","abitazioni","N","dati grezzi","NEW_RS_BUIL","fabbricati residenziali nuovi","2011-Q3","T3-2011",23760,,
"IT","Italia","NUMDW","abitazioni","N","dati grezzi","NEW_RS_BUIL","fabbricati residenziali nuovi","2012-Q2","T2-2012",20886,,
"IT","Italia","NUMDW","abitazioni","N","dati grezzi","NEW_RS_BUIL","fabbricati residenziali nuovi","2012-Q1","T1-2012",20645,,
"IT","Italia","NUMDW","abitazioni","N","dati grezzi","NEW_RS_BUIL","fabbricati residenziali nuovi","2012-Q4","T4-2012",18926,,
"IT","Italia","NUMDW","abitazioni","N","dati grezzi","NEW_RS_BUIL","fabbricati residenziali nuovi","2012-Q3","T3-2012",16880,,
"IT","Italia","NUMDW","abitazioni","N","dati grezzi","NEW_RS_BUIL","fabbricati residenziali nuovi","2013-Q1","T1-2013",12655,,
"IT","Italia","NUMDW","abitazioni","N","dati grezzi","NEW_RS_BUIL","fabbricati residenziali nuovi","2013-Q2","T2-2013",14177,,
"IT","Italia","NUMDW","abitazioni","N","dati grezzi","NEW_RS_BUIL","fabbricati residenziali nuovi","2013-Q4","T4-2013",12364,,
"IT","Italia","NUMDW","abitazioni","N","dati grezzi","NEW_RS_BUIL","fabbricati residenziali nuovi","2013-Q3","T3-2013",12581,,
"IT","Italia","NUMDW","abitazioni","N","dati grezzi","NEW_RS_BUIL","fabbricati residenziali nuovi","2014-Q2","T2-2014",12976,,
"IT","Italia","NUMDW","abitazioni","N","dati grezzi","NEW_RS_BUIL","fabbricati residenziali nuovi","2014-Q1","T1-2014",10280,,
"IT","Italia","NUMDW","abitazioni","N","dati grezzi","NEW_RS_BUIL","fabbricati residenziali nuovi","2014-Q4","T4-2014",11622,,
"IT","Italia","NUMDW","abitazioni","N","dati grezzi","NEW_RS_BUIL","fabbricati residenziali nuovi","2014-Q3","T3-2014",10093,,
"IT","Italia","NUMDW","abitazioni","N","dati grezzi","NEW_RS_BUIL","fabbricati residenziali nuovi","2015-Q1","T1-2015",11069,,
"IT","Italia","NUMDW","abitazioni","N","dati grezzi","NEW_RS_BUIL","fabbricati residenziali nuovi","2015-Q2","T2-2015",11668,,
"IT","Italia","NUMDW","abitazioni","N","dati grezzi","NEW_RS_BUIL","fabbricati residenziali nuovi","2015-Q4","T4-2015",10018,,
"IT","Italia","NUMDW","abitazioni","N","dati grezzi","NEW_RS_BUIL","fabbricati residenziali nuovi","2015-Q3","T3-2015",10124,,
"IT","Italia","NUMDW","abitazioni","N","dati grezzi","NEW_RS_BUIL","fabbricati residenziali nuovi","2016-Q2","T2-2016",11565,,
"IT","Italia","NUMDW","abitazioni","N","dati grezzi","NEW_RS_BUIL","fabbricati residenziali nuovi","2016-Q1","T1-2016",10445,,
"IT","Italia","NUMDW","abitazioni","N","dati grezzi","NEW_RS_BUIL","fabbricati residenziali nuovi","2016-Q4","T4-2016",11939,,
"IT","Italia","NUMDW","abitazioni","N","dati grezzi","NEW_RS_BUIL","fabbricati residenziali nuovi","2016-Q3","T3-2016",10282,,
"IT","Italia","NUMDW","abitazioni","N","dati grezzi","NEW_RS_BUIL","fabbricati residenziali nuovi","2017-Q1","T1-2017",12163,,
"IT","Italia","NUMDW","abitazioni","N","dati grezzi","NEW_RS_BUIL","fabbricati residenziali nuovi","2017-Q2","T2-2017",14426,,
"IT","Italia","NUMDW","abitazioni","N","dati grezzi","NEW_RS_BUIL","fabbricati residenziali nuovi","2017-Q4","T4-2017",13144,,
"IT","Italia","NUMDW","abitazioni","N","dati grezzi","NEW_RS_BUIL","fabbricati residenziali nuovi","2017-Q3","T3-2017",12294,,
"IT","Italia","NUMDW","abitazioni","N","dati grezzi","NEW_RS_BUIL","fabbricati residenziali nuovi","2018-Q2","T2-2018",14229,,
"IT","Italia","NUMDW","abitazioni","N","dati grezzi","NEW_RS_BUIL","fabbricati residenziali nuovi","2018-Q1","T1-2018",13203,,
"IT","Italia","NUMDW","abitazioni","N","dati grezzi","NEW_RS_BUIL","fabbricati residenziali nuovi","2018-Q4","T4-2018",14343,,
"IT","Italia","NUMDW","abitazioni","N","dati grezzi","NEW_RS_BUIL","fabbricati residenziali nuovi","2018-Q3","T3-2018",13821,,
"IT","Italia","NUMDW","abitazioni","N","dati grezzi","NEW_RS_BUIL","fabbricati residenziali nuovi","2019-Q1","T1-2019",13336,,
"IT","Italia","NUMDW","abitazioni","N","dati grezzi","NEW_RS_BUIL","fabbricati residenziali nuovi","2019-Q2","T2-2019",14045,,
"IT","Italia","NUMDW","abitazioni","N","dati grezzi","NEW_RS_BUIL","fabbricati residenziali nuovi","2019-Q4","T4-2019",14469,,
"IT","Italia","NUMDW","abitazioni","N","dati grezzi","NEW_RS_BUIL","fabbricati residenziali nuovi","2019-Q3","T3-2019",13412,,
"IT","Italia","NUMDW","abitazioni","N","dati grezzi","NEW_RS_BUIL","fabbricati residenziali nuovi","2020-Q2","T2-2020",10462,,
"IT","Italia","NUMDW","abitazioni","N","dati grezzi","NEW_RS_BUIL","fabbricati residenziali nuovi","2020-Q1","T1-2020",11954,,
"IT","Italia","NUMDW","abitazioni","N","dati grezzi","NEW_RS_BUIL","fabbricati residenziali nuovi","2020-Q3","T3-2020",12509,,
"IT","Italia","NUMDW","abitazioni","N","dati grezzi","NEW_RS_BUIL","fabbricati residenziali nuovi","2020-Q4","T4-2020",14175,,
"IT","Italia","NUMDW","abitazioni","N","dati grezzi","NEW_RS_BUIL","fabbricati residenziali nuovi","2021-Q1","T1-2021",14241,,
"IT","Italia","NUMDW","abitazioni","N","dati grezzi","NEW_RS_BUIL","fabbricati residenziali nuovi","2021-Q2","T2-2021",15311,,
"IT","Italia","NUMDW","abitazioni","N","dati grezzi","NEW_RS_BUIL","fabbricati residenziali nuovi","2021-Q3","T3-2021",14497,,
"IT","Italia","NUMDW","abitazioni","N","dati grezzi","NEW_RS_BUIL","fabbricati residenziali nuovi","2021-Q4","T4-2021",15790,,
"IT","Italia","NUMDW","abitazioni","N","dati grezzi","NEW_RS_BUIL","fabbricati residenziali nuovi","2022-Q1","T1-2022",15936,,
"IT","Italia","NUMDW","abitazioni","N","dati grezzi","NEW_RS_BUIL","fabbricati residenziali nuovi","2022-Q2","T2-2022",17551,,
"IT","Italia","NUMDW","abitazioni","N","dati grezzi","NEW_RS_BUIL","fabbricati residenziali nuovi","2022-Q3","T3-2022",12800,,
"IT","Italia","NUMDW","abitazioni","N","dati grezzi","NEW_RS_BUIL","fabbricati residenziali nuovi","2022-Q4","T4-2022",14094,,
"IT","Italia","USFLAR","superficie utile abitabile (metri quadri)","N","dati grezzi","NEW_RS_BUIL","fabbricati residenziali nuovi","2000-Q2","T2-2000",3889543,,
"IT","Italia","USFLAR","superficie utile abitabile (metri quadri)","N","dati grezzi","NEW_RS_BUIL","fabbricati residenziali nuovi","2000-Q1","T1-2000",3716852,,
"IT","Italia","USFLAR","superficie utile abitabile (metri quadri)","N","dati grezzi","NEW_RS_BUIL","fabbricati residenziali nuovi","2000-Q4","T4-2000",3847140,,
"IT","Italia","USFLAR","superficie utile abitabile (metri quadri)","N","dati grezzi","NEW_RS_BUIL","fabbricati residenziali nuovi","2000-Q3","T3-2000",3599937,,
"IT","Italia","USFLAR","superficie utile abitabile (metri quadri)","N","dati grezzi","NEW_RS_BUIL","fabbricati residenziali nuovi","2001-Q1","T1-2001",3572676,,
"IT","Italia","USFLAR","superficie utile abitabile (metri quadri)","N","dati grezzi","NEW_RS_BUIL","fabbricati residenziali nuovi","2001-Q2","T2-2001",4226837,,
"IT","Italia","USFLAR","superficie utile abitabile (metri quadri)","N","dati grezzi","NEW_RS_BUIL","fabbricati residenziali nuovi","2001-Q4","T4-2001",3782689,,
"IT","Italia","USFLAR","superficie utile abitabile (metri quadri)","N","dati grezzi","NEW_RS_BUIL","fabbricati residenziali nuovi","2001-Q3","T3-2001",3532214,,
"IT","Italia","USFLAR","superficie utile abitabile (metri quadri)","N","dati grezzi","NEW_RS_BUIL","fabbricati residenziali nuovi","2002-Q2","T2-2002",4334026,,
"IT","Italia","USFLAR","superficie utile abitabile (metri quadri)","N","dati grezzi","NEW_RS_BUIL","fabbricati residenziali nuovi","2002-Q1","T1-2002",3859408,,
"IT","Italia","USFLAR","superficie utile abitabile (metri quadri)","N","dati grezzi","NEW_RS_BUIL","fabbricati residenziali nuovi","2002-Q4","T4-2002",4204830,,
"IT","Italia","USFLAR","superficie utile abitabile (metri quadri)","N","dati grezzi","NEW_RS_BUIL","fabbricati residenziali nuovi","2002-Q3","T3-2002",3924589,,
"IT","Italia","USFLAR","superficie utile abitabile (metri quadri)","N","dati grezzi","NEW_RS_BUIL","fabbricati residenziali nuovi","2003-Q1","T1-2003",4221961,,
"IT","Italia","USFLAR","superficie utile abitabile (metri quadri)","N","dati grezzi","NEW_RS_BUIL","fabbricati residenziali nuovi","2003-Q2","T2-2003",4627633,,
"IT","Italia","USFLAR","superficie utile abitabile (metri quadri)","N","dati grezzi","NEW_RS_BUIL","fabbricati residenziali nuovi","2003-Q4","T4-2003",4605793,,
"IT","Italia","USFLAR","superficie utile abitabile (metri quadri)","N","dati grezzi","NEW_RS_BUIL","fabbricati residenziali nuovi","2003-Q3","T3-2003",4107950,,
"IT","Italia","USFLAR","superficie utile abitabile (metri quadri)","N","dati grezzi","NEW_RS_BUIL","fabbricati residenziali nuovi","2004-Q2","T2-2004",5430026,,
"IT","Italia","USFLAR","superficie utile abitabile (metri quadri)","N","dati grezzi","NEW_RS_BUIL","fabbricati residenziali nuovi","2004-Q1","T1-2004",4595469,,
"IT","Italia","USFLAR","superficie utile abitabile (metri quadri)","N","dati grezzi","NEW_RS_BUIL","fabbricati residenziali nuovi","2004-Q4","T4-2004",5256232,,
"IT","Italia","USFLAR","superficie utile abitabile (metri quadri)","N","dati grezzi","NEW_RS_BUIL","fabbricati residenziali nuovi","2004-Q3","T3-2004",4616891,,
"IT","Italia","USFLAR","superficie utile abitabile (metri quadri)","N","dati grezzi","NEW_RS_BUIL","fabbricati residenziali nuovi","2005-Q1","T1-2005",4735980,,
"IT","Italia","USFLAR","superficie utile abitabile (metri quadri)","N","dati grezzi","NEW_RS_BUIL","fabbricati residenziali nuovi","2005-Q2","T2-2005",5755866,,
"IT","Italia","USFLAR","superficie utile abitabile (metri quadri)","N","dati grezzi","NEW_RS_BUIL","fabbricati residenziali nuovi","2005-Q4","T4-2005",5003884,,
"IT","Italia","USFLAR","superficie utile abitabile (metri quadri)","N","dati grezzi","NEW_RS_BUIL","fabbricati residenziali nuovi","2005-Q3","T3-2005",4983297,,
"IT","Italia","USFLAR","superficie utile abitabile (metri quadri)","N","dati grezzi","NEW_RS_BUIL","fabbricati residenziali nuovi","2006-Q2","T2-2006",5214720,,
"IT","Italia","USFLAR","superficie utile abitabile (metri quadri)","N","dati grezzi","NEW_RS_BUIL","fabbricati residenziali nuovi","2006-Q1","T1-2006",4625826,,
"IT","Italia","USFLAR","superficie utile abitabile (metri quadri)","N","dati grezzi","NEW_RS_BUIL","fabbricati residenziali nuovi","2006-Q4","T4-2006",4779387,,
"IT","Italia","USFLAR","superficie utile abitabile (metri quadri)","N","dati grezzi","NEW_RS_BUIL","fabbricati residenziali nuovi","2006-Q3","T3-2006",4523854,,
"IT","Italia","USFLAR","superficie utile abitabile (metri quadri)","N","dati grezzi","NEW_RS_BUIL","fabbricati residenziali nuovi","2007-Q1","T1-2007",4572872,,
"IT","Italia","USFLAR","superficie utile abitabile (metri quadri)","N","dati grezzi","NEW_RS_BUIL","fabbricati residenziali nuovi","2007-Q2","T2-2007",4821915,,
"IT","Italia","USFLAR","superficie utile abitabile (metri quadri)","N","dati grezzi","NEW_RS_BUIL","fabbricati residenziali nuovi","2007-Q4","T4-2007",4660179,,
"IT","Italia","USFLAR","superficie utile abitabile (metri quadri)","N","dati grezzi","NEW_RS_BUIL","fabbricati residenziali nuovi","2007-Q3","T3-2007",4328373,,
"IT","Italia","USFLAR","superficie utile abitabile (metri quadri)","N","dati grezzi","NEW_RS_BUIL","fabbricati residenziali nuovi","2008-Q2","T2-2008",3696297,,
"IT","Italia","USFLAR","superficie utile abitabile (metri quadri)","N","dati grezzi","NEW_RS_BUIL","fabbricati residenziali nuovi","2008-Q1","T1-2008",3780492,,
"IT","Italia","USFLAR","superficie utile abitabile (metri quadri)","N","dati grezzi","NEW_RS_BUIL","fabbricati residenziali nuovi","2008-Q4","T4-2008",3455713,,
"IT","Italia","USFLAR","superficie utile abitabile (metri quadri)","N","dati grezzi","NEW_RS_BUIL","fabbricati residenziali nuovi","2008-Q3","T3-2008",3336285,,
"IT","Italia","USFLAR","superficie utile abitabile (metri quadri)","N","dati grezzi","NEW_RS_BUIL","fabbricati residenziali nuovi","2009-Q1","T1-2009",2679788,,
"IT","Italia","USFLAR","superficie utile abitabile (metri quadri)","N","dati grezzi","NEW_RS_BUIL","fabbricati residenziali nuovi","2009-Q2","T2-2009",3242867,,
"IT","Italia","USFLAR","superficie utile abitabile (metri quadri)","N","dati grezzi","NEW_RS_BUIL","fabbricati residenziali nuovi","2009-Q4","T4-2009",2475496,,
"IT","Italia","USFLAR","superficie utile abitabile (metri quadri)","N","dati grezzi","NEW_RS_BUIL","fabbricati residenziali nuovi","2009-Q3","T3-2009",2304946,,
"IT","Italia","USFLAR","superficie utile abitabile (metri quadri)","N","dati grezzi","NEW_RS_BUIL","fabbricati residenziali nuovi","2010-Q2","T2-2010",2392022,,
"IT","Italia","USFLAR","superficie utile abitabile (metri quadri)","N","dati grezzi","NEW_RS_BUIL","fabbricati residenziali nuovi","2010-Q1","T1-2010",2053941,,
"IT","Italia","USFLAR","superficie utile abitabile (metri quadri)","N","dati grezzi","NEW_RS_BUIL","fabbricati residenziali nuovi","2010-Q4","T4-2010",2173031,,
"IT","Italia","USFLAR","superficie utile abitabile (metri quadri)","N","dati grezzi","NEW_RS_BUIL","fabbricati residenziali nuovi","2010-Q3","T3-2010",2118709,,
"IT","Italia","USFLAR","superficie utile abitabile (metri quadri)","N","dati grezzi","NEW_RS_BUIL","fabbricati residenziali nuovi","2011-Q1","T1-2011",2035034,,
"IT","Italia","USFLAR","superficie utile abitabile (metri quadri)","N","dati grezzi","NEW_RS_BUIL","fabbricati residenziali nuovi","2011-Q2","T2-2011",2269686,,
"IT","Italia","USFLAR","superficie utile abitabile (metri quadri)","N","dati grezzi","NEW_RS_BUIL","fabbricati residenziali nuovi","2011-Q4","T4-2011",2105546,,
"IT","Italia","USFLAR","superficie utile abitabile (metri quadri)","N","dati grezzi","NEW_RS_BUIL","fabbricati residenziali nuovi","2011-Q3","T3-2011",1936773,,
"IT","Italia","USFLAR","superficie utile abitabile (metri quadri)","N","dati grezzi","NEW_RS_BUIL","fabbricati residenziali nuovi","2012-Q2","T2-2012",1716415,,
"IT","Italia","USFLAR","superficie utile abitabile (metri quadri)","N","dati grezzi","NEW_RS_BUIL","fabbricati residenziali nuovi","2012-Q1","T1-2012",1687334,,
"IT","Italia","USFLAR","superficie utile abitabile (metri quadri)","N","dati grezzi","NEW_RS_BUIL","fabbricati residenziali nuovi","2012-Q4","T4-2012",1538616,,
"IT","Italia","USFLAR","superficie utile abitabile (metri quadri)","N","dati grezzi","NEW_RS_BUIL","fabbricati residenziali nuovi","2012-Q3","T3-2012",1404639,,
"IT","Italia","USFLAR","superficie utile abitabile (metri quadri)","N","dati grezzi","NEW_RS_BUIL","fabbricati residenziali nuovi","2013-Q1","T1-2013",1073958,,
"IT","Italia","USFLAR","superficie utile abitabile (metri quadri)","N","dati grezzi","NEW_RS_BUIL","fabbricati residenziali nuovi","2013-Q2","T2-2013",1202710,,
"IT","Italia","USFLAR","superficie utile abitabile (metri quadri)","N","dati grezzi","NEW_RS_BUIL","fabbricati residenziali nuovi","2013-Q4","T4-2013",1081208,,
"IT","Italia","USFLAR","superficie utile abitabile (metri quadri)","N","dati grezzi","NEW_RS_BUIL","fabbricati residenziali nuovi","2013-Q3","T3-2013",1078573,,
"IT","Italia","USFLAR","superficie utile abitabile (metri quadri)","N","dati grezzi","NEW_RS_BUIL","fabbricati residenziali nuovi","2014-Q2","T2-2014",1099353,,
"IT","Italia","USFLAR","superficie utile abitabile (metri quadri)","N","dati grezzi","NEW_RS_BUIL","fabbricati residenziali nuovi","2014-Q1","T1-2014",921690,,
"IT","Italia","USFLAR","superficie utile abitabile (metri quadri)","N","dati grezzi","NEW_RS_BUIL","fabbricati residenziali nuovi","2014-Q4","T4-2014",989007,,
"IT","Italia","USFLAR","superficie utile abitabile (metri quadri)","N","dati grezzi","NEW_RS_BUIL","fabbricati residenziali nuovi","2014-Q3","T3-2014",880123,,
"IT","Italia","USFLAR","superficie utile abitabile (metri quadri)","N","dati grezzi","NEW_RS_BUIL","fabbricati residenziali nuovi","2015-Q1","T1-2015",930313,,
"IT","Italia","USFLAR","superficie utile abitabile (metri quadri)","N","dati grezzi","NEW_RS_BUIL","fabbricati residenziali nuovi","2015-Q2","T2-2015",1005406,,
"IT","Italia","USFLAR","superficie utile abitabile (metri quadri)","N","dati grezzi","NEW_RS_BUIL","fabbricati residenziali nuovi","2015-Q4","T4-2015",883165,,
"IT","Italia","USFLAR","superficie utile abitabile (metri quadri)","N","dati grezzi","NEW_RS_BUIL","fabbricati residenziali nuovi","2015-Q3","T3-2015",899671,,
"IT","Italia","USFLAR","superficie utile abitabile (metri quadri)","N","dati grezzi","NEW_RS_BUIL","fabbricati residenziali nuovi","2016-Q2","T2-2016",1023202,,
"IT","Italia","USFLAR","superficie utile abitabile (metri quadri)","N","dati grezzi","NEW_RS_BUIL","fabbricati residenziali nuovi","2016-Q1","T1-2016",904713,,
"IT","Italia","USFLAR","superficie utile abitabile (metri quadri)","N","dati grezzi","NEW_RS_BUIL","fabbricati residenziali nuovi","2016-Q4","T4-2016",1049766,,
"IT","Italia","USFLAR","superficie utile abitabile (metri quadri)","N","dati grezzi","NEW_RS_BUIL","fabbricati residenziali nuovi","2016-Q3","T3-2016",916290,,
"IT","Italia","USFLAR","superficie utile abitabile (metri quadri)","N","dati grezzi","NEW_RS_BUIL","fabbricati residenziali nuovi","2017-Q1","T1-2017",1049916,,
"IT","Italia","USFLAR","superficie utile abitabile (metri quadri)","N","dati grezzi","NEW_RS_BUIL","fabbricati residenziali nuovi","2017-Q2","T2-2017",1229047,,
"IT","Italia","USFLAR","superficie utile abitabile (metri quadri)","N","dati grezzi","NEW_RS_BUIL","fabbricati residenziali nuovi","2017-Q4","T4-2017",1146427,,
"IT","Italia","USFLAR","superficie utile abitabile (metri quadri)","N","dati grezzi","NEW_RS_BUIL","fabbricati residenziali nuovi","2017-Q3","T3-2017",1054349,,
"IT","Italia","USFLAR","superficie utile abitabile (metri quadri)","N","dati grezzi","NEW_RS_BUIL","fabbricati residenziali nuovi","2018-Q2","T2-2018",1238675,,
"IT","Italia","USFLAR","superficie utile abitabile (metri quadri)","N","dati grezzi","NEW_RS_BUIL","fabbricati residenziali nuovi","2018-Q1","T1-2018",1131211,,
"IT","Italia","USFLAR","superficie utile abitabile (metri quadri)","N","dati grezzi","NEW_RS_BUIL","fabbricati residenziali nuovi","2018-Q4","T4-2018",1236440,,
"IT","Italia","USFLAR","superficie utile abitabile (metri quadri)","N","dati grezzi","NEW_RS_BUIL","fabbricati residenziali nuovi","2018-Q3","T3-2018",1188198,,
"IT","Italia","USFLAR","superficie utile abitabile (metri quadri)","N","dati grezzi","NEW_RS_BUIL","fabbricati residenziali nuovi","2019-Q1","T1-2019",1171854,,
"IT","Italia","USFLAR","superficie utile abitabile (metri quadri)","N","dati grezzi","NEW_RS_BUIL","fabbricati residenziali nuovi","2019-Q2","T2-2019",1255026,,
"IT","Italia","USFLAR","superficie utile abitabile (metri quadri)","N","dati grezzi","NEW_RS_BUIL","fabbricati residenziali nuovi","2019-Q4","T4-2019",1262517,,
"IT","Italia","USFLAR","superficie utile abitabile (metri quadri)","N","dati grezzi","NEW_RS_BUIL","fabbricati residenziali nuovi","2019-Q3","T3-2019",1188772,,
"IT","Italia","USFLAR","superficie utile abitabile (metri quadri)","N","dati grezzi","NEW_RS_BUIL","fabbricati residenziali nuovi","2020-Q2","T2-2020",934568,,
"IT","Italia","USFLAR","superficie utile abitabile (metri quadri)","N","dati grezzi","NEW_RS_BUIL","fabbricati residenziali nuovi","2020-Q1","T1-2020",1053992,,
"IT","Italia","USFLAR","superficie utile abitabile (metri quadri)","N","dati grezzi","NEW_RS_BUIL","fabbricati residenziali nuovi","2020-Q3","T3-2020",1107515,,
"IT","Italia","USFLAR","superficie utile abitabile (metri quadri)","N","dati grezzi","NEW_RS_BUIL","fabbricati residenziali nuovi","2020-Q4","T4-2020",1205181,,
"IT","Italia","USFLAR","superficie utile abitabile (metri quadri)","N","dati grezzi","NEW_RS_BUIL","fabbricati residenziali nuovi","2021-Q1","T1-2021",1229855,,
"IT","Italia","USFLAR","superficie utile abitabile (metri quadri)","N","dati grezzi","NEW_RS_BUIL","fabbricati residenziali nuovi","2021-Q2","T2-2021",1319339,,
"IT","Italia","USFLAR","superficie utile abitabile (metri quadri)","N","dati grezzi","NEW_RS_BUIL","fabbricati residenziali nuovi","2021-Q3","T3-2021",1253391,,
"IT","Italia","USFLAR","superficie utile abitabile (metri quadri)","N","dati grezzi","NEW_RS_BUIL","fabbricati residenziali nuovi","2021-Q4","T4-2021",1364287,,
"IT","Italia","USFLAR","superficie utile abitabile (metri quadri)","N","dati grezzi","NEW_RS_BUIL","fabbricati residenziali nuovi","2022-Q1","T1-2022",1379846,,
"IT","Italia","USFLAR","superficie utile abitabile (metri quadri)","N","dati grezzi","NEW_RS_BUIL","fabbricati residenziali nuovi","2022-Q2","T2-2022",1510750,,
"IT","Italia","USFLAR","superficie utile abitabile (metri quadri)","N","dati grezzi","NEW_RS_BUIL","fabbricati residenziali nuovi","2022-Q3","T3-2022",1153237,,
"IT","Italia","USFLAR","superficie utile abitabile (metri quadri)","N","dati grezzi","NEW_RS_BUIL","fabbricati residenziali nuovi","2022-Q4","T4-2022",1254199,,
"IT","Italia","NUMDW","abitazioni","Y","dati destagionalizzati","NEW_RS_BUIL","fabbricati residenziali nuovi","2000-Q2","T2-2000",44023,,
"IT","Italia","NUMDW","abitazioni","Y","dati destagionalizzati","NEW_RS_BUIL","fabbricati residenziali nuovi","2000-Q1","T1-2000",46045,,
"IT","Italia","NUMDW","abitazioni","Y","dati destagionalizzati","NEW_RS_BUIL","fabbricati residenziali nuovi","2000-Q4","T4-2000",47478,,
"IT","Italia","NUMDW","abitazioni","Y","dati destagionalizzati","NEW_RS_BUIL","fabbricati residenziali nuovi","2000-Q3","T3-2000",47163,,
"IT","Italia","NUMDW","abitazioni","Y","dati destagionalizzati","NEW_RS_BUIL","fabbricati residenziali nuovi","2001-Q1","T1-2001",46189,,
"IT","Italia","NUMDW","abitazioni","Y","dati destagionalizzati","NEW_RS_BUIL","fabbricati residenziali nuovi","2001-Q2","T2-2001",49238,,
"IT","Italia","NUMDW","abitazioni","Y","dati destagionalizzati","NEW_RS_BUIL","fabbricati residenziali nuovi","2001-Q4","T4-2001",46737,,
"IT","Italia","NUMDW","abitazioni","Y","dati destagionalizzati","NEW_RS_BUIL","fabbricati residenziali nuovi","2001-Q3","T3-2001",46740,,
"IT","Italia","NUMDW","abitazioni","Y","dati destagionalizzati","NEW_RS_BUIL","fabbricati residenziali nuovi","2002-Q2","T2-2002",51153,,
"IT","Italia","NUMDW","abitazioni","Y","dati destagionalizzati","NEW_RS_BUIL","fabbricati residenziali nuovi","2002-Q1","T1-2002",50670,,
"IT","Italia","NUMDW","abitazioni","Y","dati destagionalizzati","NEW_RS_BUIL","fabbricati residenziali nuovi","2002-Q4","T4-2002",54369,,
"IT","Italia","NUMDW","abitazioni","Y","dati destagionalizzati","NEW_RS_BUIL","fabbricati residenziali nuovi","2002-Q3","T3-2002",53030,,
"IT","Italia","NUMDW","abitazioni","Y","dati destagionalizzati","NEW_RS_BUIL","fabbricati residenziali nuovi","2003-Q1","T1-2003",57247,,
"IT","Italia","NUMDW","abitazioni","Y","dati destagionalizzati","NEW_RS_BUIL","fabbricati residenziali nuovi","2003-Q2","T2-2003",55253,,
"IT","Italia","NUMDW","abitazioni","Y","dati destagionalizzati","NEW_RS_BUIL","fabbricati residenziali nuovi","2003-Q4","T4-2003",59438,,
"IT","Italia","NUMDW","abitazioni","Y","dati destagionalizzati","NEW_RS_BUIL","fabbricati residenziali nuovi","2003-Q3","T3-2003",57552,,
"IT","Italia","NUMDW","abitazioni","Y","dati destagionalizzati","NEW_RS_BUIL","fabbricati residenziali nuovi","2004-Q2","T2-2004",67403,,
"IT","Italia","NUMDW","abitazioni","Y","dati destagionalizzati","NEW_RS_BUIL","fabbricati residenziali nuovi","2004-Q1","T1-2004",63789,,
"IT","Italia","NUMDW","abitazioni","Y","dati destagionalizzati","NEW_RS_BUIL","fabbricati residenziali nuovi","2004-Q4","T4-2004",69989,,
"IT","Italia","NUMDW","abitazioni","Y","dati destagionalizzati","NEW_RS_BUIL","fabbricati residenziali nuovi","2004-Q3","T3-2004",66562,,
"IT","Italia","NUMDW","abitazioni","Y","dati destagionalizzati","NEW_RS_BUIL","fabbricati residenziali nuovi","2005-Q1","T1-2005",67935,,
"IT","Italia","NUMDW","abitazioni","Y","dati destagionalizzati","NEW_RS_BUIL","fabbricati residenziali nuovi","2005-Q2","T2-2005",72270,,
"IT","Italia","NUMDW","abitazioni","Y","dati destagionalizzati","NEW_RS_BUIL","fabbricati residenziali nuovi","2005-Q4","T4-2005",66679,,
"IT","Italia","NUMDW","abitazioni","Y","dati destagionalizzati","NEW_RS_BUIL","fabbricati residenziali nuovi","2005-Q3","T3-2005",71160,,
"IT","Italia","NUMDW","abitazioni","Y","dati destagionalizzati","NEW_RS_BUIL","fabbricati residenziali nuovi","2006-Q2","T2-2006",66363,,
"IT","Italia","NUMDW","abitazioni","Y","dati destagionalizzati","NEW_RS_BUIL","fabbricati residenziali nuovi","2006-Q1","T1-2006",66521,,
"IT","Italia","NUMDW","abitazioni","Y","dati destagionalizzati","NEW_RS_BUIL","fabbricati residenziali nuovi","2006-Q4","T4-2006",63358,,
"IT","Italia","NUMDW","abitazioni","Y","dati destagionalizzati","NEW_RS_BUIL","fabbricati residenziali nuovi","2006-Q3","T3-2006",64829,,
"IT","Italia","NUMDW","abitazioni","Y","dati destagionalizzati","NEW_RS_BUIL","fabbricati residenziali nuovi","2007-Q1","T1-2007",65105,,
"IT","Italia","NUMDW","abitazioni","Y","dati destagionalizzati","NEW_RS_BUIL","fabbricati residenziali nuovi","2007-Q2","T2-2007",62044,,
"IT","Italia","NUMDW","abitazioni","Y","dati destagionalizzati","NEW_RS_BUIL","fabbricati residenziali nuovi","2007-Q4","T4-2007",60824,,
"IT","Italia","NUMDW","abitazioni","Y","dati destagionalizzati","NEW_RS_BUIL","fabbricati residenziali nuovi","2007-Q3","T3-2007",62106,,
"IT","Italia","NUMDW","abitazioni","Y","dati destagionalizzati","NEW_RS_BUIL","fabbricati residenziali nuovi","2008-Q2","T2-2008",46489,,
"IT","Italia","NUMDW","abitazioni","Y","dati destagionalizzati","NEW_RS_BUIL","fabbricati residenziali nuovi","2008-Q1","T1-2008",54234,,
"IT","Italia","NUMDW","abitazioni","Y","dati destagionalizzati","NEW_RS_BUIL","fabbricati residenziali nuovi","2008-Q4","T4-2008",44266,,
"IT","Italia","NUMDW","abitazioni","Y","dati destagionalizzati","NEW_RS_BUIL","fabbricati residenziali nuovi","2008-Q3","T3-2008",47298,,
"IT","Italia","NUMDW","abitazioni","Y","dati destagionalizzati","NEW_RS_BUIL","fabbricati residenziali nuovi","2009-Q1","T1-2009",38965,,
"IT","Italia","NUMDW","abitazioni","Y","dati destagionalizzati","NEW_RS_BUIL","fabbricati residenziali nuovi","2009-Q2","T2-2009",39509,,
"IT","Italia","NUMDW","abitazioni","Y","dati destagionalizzati","NEW_RS_BUIL","fabbricati residenziali nuovi","2009-Q4","T4-2009",30693,,
"IT","Italia","NUMDW","abitazioni","Y","dati destagionalizzati","NEW_RS_BUIL","fabbricati residenziali nuovi","2009-Q3","T3-2009",32334,,
"IT","Italia","NUMDW","abitazioni","Y","dati destagionalizzati","NEW_RS_BUIL","fabbricati residenziali nuovi","2010-Q2","T2-2010",27895,,
"IT","Italia","NUMDW","abitazioni","Y","dati destagionalizzati","NEW_RS_BUIL","fabbricati residenziali nuovi","2010-Q1","T1-2010",28351,,
"IT","Italia","NUMDW","abitazioni","Y","dati destagionalizzati","NEW_RS_BUIL","fabbricati residenziali nuovi","2010-Q4","T4-2010",26080,,
"IT","Italia","NUMDW","abitazioni","Y","dati destagionalizzati","NEW_RS_BUIL","fabbricati residenziali nuovi","2010-Q3","T3-2010",28101,,
"IT","Italia","NUMDW","abitazioni","Y","dati destagionalizzati","NEW_RS_BUIL","fabbricati residenziali nuovi","2011-Q1","T1-2011",27850,,
"IT","Italia","NUMDW","abitazioni","Y","dati destagionalizzati","NEW_RS_BUIL","fabbricati residenziali nuovi","2011-Q2","T2-2011",26295,,
"IT","Italia","NUMDW","abitazioni","Y","dati destagionalizzati","NEW_RS_BUIL","fabbricati residenziali nuovi","2011-Q4","T4-2011",24912,,
"IT","Italia","NUMDW","abitazioni","Y","dati destagionalizzati","NEW_RS_BUIL","fabbricati residenziali nuovi","2011-Q3","T3-2011",25161,,
"IT","Italia","NUMDW","abitazioni","Y","dati destagionalizzati","NEW_RS_BUIL","fabbricati residenziali nuovi","2012-Q2","T2-2012",19530,,
"IT","Italia","NUMDW","abitazioni","Y","dati destagionalizzati","NEW_RS_BUIL","fabbricati residenziali nuovi","2012-Q1","T1-2012",22248,,
"IT","Italia","NUMDW","abitazioni","Y","dati destagionalizzati","NEW_RS_BUIL","fabbricati residenziali nuovi","2012-Q4","T4-2012",17861,,
"IT","Italia","NUMDW","abitazioni","Y","dati destagionalizzati","NEW_RS_BUIL","fabbricati residenziali nuovi","2012-Q3","T3-2012",17866,,
"IT","Italia","NUMDW","abitazioni","Y","dati destagionalizzati","NEW_RS_BUIL","fabbricati residenziali nuovi","2013-Q1","T1-2013",13644,,
"IT","Italia","NUMDW","abitazioni","Y","dati destagionalizzati","NEW_RS_BUIL","fabbricati residenziali nuovi","2013-Q2","T2-2013",13205,,
"IT","Italia","NUMDW","abitazioni","Y","dati destagionalizzati","NEW_RS_BUIL","fabbricati residenziali nuovi","2013-Q4","T4-2013",11796,,
"IT","Italia","NUMDW","abitazioni","Y","dati destagionalizzati","NEW_RS_BUIL","fabbricati residenziali nuovi","2013-Q3","T3-2013",13314,,
"IT","Italia","NUMDW","abitazioni","Y","dati destagionalizzati","NEW_RS_BUIL","fabbricati residenziali nuovi","2014-Q2","T2-2014",12031,,
"IT","Italia","NUMDW","abitazioni","Y","dati destagionalizzati","NEW_RS_BUIL","fabbricati residenziali nuovi","2014-Q1","T1-2014",10983,,
"IT","Italia","NUMDW","abitazioni","Y","dati destagionalizzati","NEW_RS_BUIL","fabbricati residenziali nuovi","2014-Q4","T4-2014",11244,,
"IT","Italia","NUMDW","abitazioni","Y","dati destagionalizzati","NEW_RS_BUIL","fabbricati residenziali nuovi","2014-Q3","T3-2014",10715,,
"IT","Italia","NUMDW","abitazioni","Y","dati destagionalizzati","NEW_RS_BUIL","fabbricati residenziali nuovi","2015-Q1","T1-2015",11647,,
"IT","Italia","NUMDW","abitazioni","Y","dati destagionalizzati","NEW_RS_BUIL","fabbricati residenziali nuovi","2015-Q2","T2-2015",10813,,
"IT","Italia","NUMDW","abitazioni","Y","dati destagionalizzati","NEW_RS_BUIL","fabbricati residenziali nuovi","2015-Q4","T4-2015",9799,,
"IT","Italia","NUMDW","abitazioni","Y","dati destagionalizzati","NEW_RS_BUIL","fabbricati residenziali nuovi","2015-Q3","T3-2015",10760,,
"IT","Italia","NUMDW","abitazioni","Y","dati destagionalizzati","NEW_RS_BUIL","fabbricati residenziali nuovi","2016-Q2","T2-2016",10740,,
"IT","Italia","NUMDW","abitazioni","Y","dati destagionalizzati","NEW_RS_BUIL","fabbricati residenziali nuovi","2016-Q1","T1-2016",10877,,
"IT","Italia","NUMDW","abitazioni","Y","dati destagionalizzati","NEW_RS_BUIL","fabbricati residenziali nuovi","2016-Q4","T4-2016",11729,,
"IT","Italia","NUMDW","abitazioni","Y","dati destagionalizzati","NEW_RS_BUIL","fabbricati residenziali nuovi","2016-Q3","T3-2016",10916,,
"IT","Italia","NUMDW","abitazioni","Y","dati destagionalizzati","NEW_RS_BUIL","fabbricati residenziali nuovi","2017-Q1","T1-2017",12611,,
"IT","Italia","NUMDW","abitazioni","Y","dati destagionalizzati","NEW_RS_BUIL","fabbricati residenziali nuovi","2017-Q2","T2-2017",13444,,
"IT","Italia","NUMDW","abitazioni","Y","dati destagionalizzati","NEW_RS_BUIL","fabbricati residenziali nuovi","2017-Q4","T4-2017",12909,,
"IT","Italia","NUMDW","abitazioni","Y","dati destagionalizzati","NEW_RS_BUIL","fabbricati residenziali nuovi","2017-Q3","T3-2017",13005,,
"IT","Italia","NUMDW","abitazioni","Y","dati destagionalizzati","NEW_RS_BUIL","fabbricati residenziali nuovi","2018-Q2","T2-2018",13354,,
"IT","Italia","NUMDW","abitazioni","Y","dati destagionalizzati","NEW_RS_BUIL","fabbricati residenziali nuovi","2018-Q1","T1-2018",13692,,
"IT","Italia","NUMDW","abitazioni","Y","dati destagionalizzati","NEW_RS_BUIL","fabbricati residenziali nuovi","2018-Q4","T4-2018",14022,,
"IT","Italia","NUMDW","abitazioni","Y","dati destagionalizzati","NEW_RS_BUIL","fabbricati residenziali nuovi","2018-Q3","T3-2018",14559,,
"IT","Italia","NUMDW","abitazioni","Y","dati destagionalizzati","NEW_RS_BUIL","fabbricati residenziali nuovi","2019-Q1","T1-2019",13842,,
"IT","Italia","NUMDW","abitazioni","Y","dati destagionalizzati","NEW_RS_BUIL","fabbricati residenziali nuovi","2019-Q2","T2-2019",13239,,
"IT","Italia","NUMDW","abitazioni","Y","dati destagionalizzati","NEW_RS_BUIL","fabbricati residenziali nuovi","2019-Q4","T4-2019",14098,,
"IT","Italia","NUMDW","abitazioni","Y","dati destagionalizzati","NEW_RS_BUIL","fabbricati residenziali nuovi","2019-Q3","T3-2019",14150,,
"IT","Italia","NUMDW","abitazioni","Y","dati destagionalizzati","NEW_RS_BUIL","fabbricati residenziali nuovi","2020-Q2","T2-2020",9845,,
"IT","Italia","NUMDW","abitazioni","Y","dati destagionalizzati","NEW_RS_BUIL","fabbricati residenziali nuovi","2020-Q1","T1-2020",12377,,
"IT","Italia","NUMDW","abitazioni","Y","dati destagionalizzati","NEW_RS_BUIL","fabbricati residenziali nuovi","2020-Q3","T3-2020",13298,,
"IT","Italia","NUMDW","abitazioni","Y","dati destagionalizzati","NEW_RS_BUIL","fabbricati residenziali nuovi","2020-Q4","T4-2020",13849,,
"IT","Italia","NUMDW","abitazioni","Y","dati destagionalizzati","NEW_RS_BUIL","fabbricati residenziali nuovi","2021-Q1","T1-2021",14631,,
"IT","Italia","NUMDW","abitazioni","Y","dati destagionalizzati","NEW_RS_BUIL","fabbricati residenziali nuovi","2021-Q2","T2-2021",14314,,
"IT","Italia","NUMDW","abitazioni","Y","dati destagionalizzati","NEW_RS_BUIL","fabbricati residenziali nuovi","2021-Q3","T3-2021",15563,,
"IT","Italia","NUMDW","abitazioni","Y","dati destagionalizzati","NEW_RS_BUIL","fabbricati residenziali nuovi","2021-Q4","T4-2021",15514,,
"IT","Italia","NUMDW","abitazioni","Y","dati destagionalizzati","NEW_RS_BUIL","fabbricati residenziali nuovi","2022-Q1","T1-2022",16267,,
"IT","Italia","NUMDW","abitazioni","Y","dati destagionalizzati","NEW_RS_BUIL","fabbricati residenziali nuovi","2022-Q2","T2-2022",16268,,
"IT","Italia","NUMDW","abitazioni","Y","dati destagionalizzati","NEW_RS_BUIL","fabbricati residenziali nuovi","2022-Q3","T3-2022",13842,,
"IT","Italia","NUMDW","abitazioni","Y","dati destagionalizzati","NEW_RS_BUIL","fabbricati residenziali nuovi","2022-Q4","T4-2022",13901,,
"IT","Italia","USFLAR","superficie utile abitabile (metri quadri)","Y","dati destagionalizzati","NEW_RS_BUIL","fabbricati residenziali nuovi","2000-Q2","T2-2000",3619773,,
"IT","Italia","USFLAR","superficie utile abitabile (metri quadri)","Y","dati destagionalizzati","NEW_RS_BUIL","fabbricati residenziali nuovi","2000-Q1","T1-2000",3838601,,
"IT","Italia","USFLAR","superficie utile abitabile (metri quadri)","Y","dati destagionalizzati","NEW_RS_BUIL","fabbricati residenziali nuovi","2000-Q4","T4-2000",3804526,,
"IT","Italia","USFLAR","superficie utile abitabile (metri quadri)","Y","dati destagionalizzati","NEW_RS_BUIL","fabbricati residenziali nuovi","2000-Q3","T3-2000",3810917,,
"IT","Italia","USFLAR","superficie utile abitabile (metri quadri)","Y","dati destagionalizzati","NEW_RS_BUIL","fabbricati residenziali nuovi","2001-Q1","T1-2001",3694159,,
"IT","Italia","USFLAR","superficie utile abitabile (metri quadri)","Y","dati destagionalizzati","NEW_RS_BUIL","fabbricati residenziali nuovi","2001-Q2","T2-2001",3919352,,
"IT","Italia","USFLAR","superficie utile abitabile (metri quadri)","Y","dati destagionalizzati","NEW_RS_BUIL","fabbricati residenziali nuovi","2001-Q4","T4-2001",3744997,,
"IT","Italia","USFLAR","superficie utile abitabile (metri quadri)","Y","dati destagionalizzati","NEW_RS_BUIL","fabbricati residenziali nuovi","2001-Q3","T3-2001",3743337,,
"IT","Italia","USFLAR","superficie utile abitabile (metri quadri)","Y","dati destagionalizzati","NEW_RS_BUIL","fabbricati residenziali nuovi","2002-Q2","T2-2002",4011144,,
"IT","Italia","USFLAR","superficie utile abitabile (metri quadri)","Y","dati destagionalizzati","NEW_RS_BUIL","fabbricati residenziali nuovi","2002-Q1","T1-2002",3995074,,
"IT","Italia","USFLAR","superficie utile abitabile (metri quadri)","Y","dati destagionalizzati","NEW_RS_BUIL","fabbricati residenziali nuovi","2002-Q4","T4-2002",4156275,,
"IT","Italia","USFLAR","superficie utile abitabile (metri quadri)","Y","dati destagionalizzati","NEW_RS_BUIL","fabbricati residenziali nuovi","2002-Q3","T3-2002",4161558,,
"IT","Italia","USFLAR","superficie utile abitabile (metri quadri)","Y","dati destagionalizzati","NEW_RS_BUIL","fabbricati residenziali nuovi","2003-Q1","T1-2003",4381549,,
"IT","Italia","USFLAR","superficie utile abitabile (metri quadri)","Y","dati destagionalizzati","NEW_RS_BUIL","fabbricati residenziali nuovi","2003-Q2","T2-2003",4277812,,
"IT","Italia","USFLAR","superficie utile abitabile (metri quadri)","Y","dati destagionalizzati","NEW_RS_BUIL","fabbricati residenziali nuovi","2003-Q4","T4-2003",4537532,,
"IT","Italia","USFLAR","superficie utile abitabile (metri quadri)","Y","dati destagionalizzati","NEW_RS_BUIL","fabbricati residenziali nuovi","2003-Q3","T3-2003",4358336,,
"IT","Italia","USFLAR","superficie utile abitabile (metri quadri)","Y","dati destagionalizzati","NEW_RS_BUIL","fabbricati residenziali nuovi","2004-Q2","T2-2004",5010189,,
"IT","Italia","USFLAR","superficie utile abitabile (metri quadri)","Y","dati destagionalizzati","NEW_RS_BUIL","fabbricati residenziali nuovi","2004-Q1","T1-2004",4797553,,
"IT","Italia","USFLAR","superficie utile abitabile (metri quadri)","Y","dati destagionalizzati","NEW_RS_BUIL","fabbricati residenziali nuovi","2004-Q4","T4-2004",5157716,,
"IT","Italia","USFLAR","superficie utile abitabile (metri quadri)","Y","dati destagionalizzati","NEW_RS_BUIL","fabbricati residenziali nuovi","2004-Q3","T3-2004",4888875,,
"IT","Italia","USFLAR","superficie utile abitabile (metri quadri)","Y","dati destagionalizzati","NEW_RS_BUIL","fabbricati residenziali nuovi","2005-Q1","T1-2005",4979883,,
"IT","Italia","USFLAR","superficie utile abitabile (metri quadri)","Y","dati destagionalizzati","NEW_RS_BUIL","fabbricati residenziali nuovi","2005-Q2","T2-2005",5316444,,
"IT","Italia","USFLAR","superficie utile abitabile (metri quadri)","Y","dati destagionalizzati","NEW_RS_BUIL","fabbricati residenziali nuovi","2005-Q4","T4-2005",4886798,,
"IT","Italia","USFLAR","superficie utile abitabile (metri quadri)","Y","dati destagionalizzati","NEW_RS_BUIL","fabbricati residenziali nuovi","2005-Q3","T3-2005",5257552,,
"IT","Italia","USFLAR","superficie utile abitabile (metri quadri)","Y","dati destagionalizzati","NEW_RS_BUIL","fabbricati residenziali nuovi","2006-Q2","T2-2006",4839389,,
"IT","Italia","USFLAR","superficie utile abitabile (metri quadri)","Y","dati destagionalizzati","NEW_RS_BUIL","fabbricati residenziali nuovi","2006-Q1","T1-2006",4885110,,
"IT","Italia","USFLAR","superficie utile abitabile (metri quadri)","Y","dati destagionalizzati","NEW_RS_BUIL","fabbricati residenziali nuovi","2006-Q4","T4-2006",4633889,,
"IT","Italia","USFLAR","superficie utile abitabile (metri quadri)","Y","dati destagionalizzati","NEW_RS_BUIL","fabbricati residenziali nuovi","2006-Q3","T3-2006",4764261,,
"IT","Italia","USFLAR","superficie utile abitabile (metri quadri)","Y","dati destagionalizzati","NEW_RS_BUIL","fabbricati residenziali nuovi","2007-Q1","T1-2007",4846638,,
"IT","Italia","USFLAR","superficie utile abitabile (metri quadri)","Y","dati destagionalizzati","NEW_RS_BUIL","fabbricati residenziali nuovi","2007-Q2","T2-2007",4496958,,
"IT","Italia","USFLAR","superficie utile abitabile (metri quadri)","Y","dati destagionalizzati","NEW_RS_BUIL","fabbricati residenziali nuovi","2007-Q4","T4-2007",4479577,,
"IT","Italia","USFLAR","superficie utile abitabile (metri quadri)","Y","dati destagionalizzati","NEW_RS_BUIL","fabbricati residenziali nuovi","2007-Q3","T3-2007",4555470,,
"IT","Italia","USFLAR","superficie utile abitabile (metri quadri)","Y","dati destagionalizzati","NEW_RS_BUIL","fabbricati residenziali nuovi","2008-Q2","T2-2008",3446781,,
"IT","Italia","USFLAR","superficie utile abitabile (metri quadri)","Y","dati destagionalizzati","NEW_RS_BUIL","fabbricati residenziali nuovi","2008-Q1","T1-2008",4031269,,
"IT","Italia","USFLAR","superficie utile abitabile (metri quadri)","Y","dati destagionalizzati","NEW_RS_BUIL","fabbricati residenziali nuovi","2008-Q4","T4-2008",3308361,,
"IT","Italia","USFLAR","superficie utile abitabile (metri quadri)","Y","dati destagionalizzati","NEW_RS_BUIL","fabbricati residenziali nuovi","2008-Q3","T3-2008",3516174,,
"IT","Italia","USFLAR","superficie utile abitabile (metri quadri)","Y","dati destagionalizzati","NEW_RS_BUIL","fabbricati residenziali nuovi","2009-Q1","T1-2009",2874430,,
"IT","Italia","USFLAR","superficie utile abitabile (metri quadri)","Y","dati destagionalizzati","NEW_RS_BUIL","fabbricati residenziali nuovi","2009-Q2","T2-2009",3007370,,
"IT","Italia","USFLAR","superficie utile abitabile (metri quadri)","Y","dati destagionalizzati","NEW_RS_BUIL","fabbricati residenziali nuovi","2009-Q4","T4-2009",2369582,,
"IT","Italia","USFLAR","superficie utile abitabile (metri quadri)","Y","dati destagionalizzati","NEW_RS_BUIL","fabbricati residenziali nuovi","2009-Q3","T3-2009",2431482,,
"IT","Italia","USFLAR","superficie utile abitabile (metri quadri)","Y","dati destagionalizzati","NEW_RS_BUIL","fabbricati residenziali nuovi","2010-Q2","T2-2010",2217956,,
"IT","Italia","USFLAR","superficie utile abitabile (metri quadri)","Y","dati destagionalizzati","NEW_RS_BUIL","fabbricati residenziali nuovi","2010-Q1","T1-2010",2209230,,
"IT","Italia","USFLAR","superficie utile abitabile (metri quadri)","Y","dati destagionalizzati","NEW_RS_BUIL","fabbricati residenziali nuovi","2010-Q4","T4-2010",2076908,,
"IT","Italia","USFLAR","superficie utile abitabile (metri quadri)","Y","dati destagionalizzati","NEW_RS_BUIL","fabbricati residenziali nuovi","2010-Q3","T3-2010",2232092,,
"IT","Italia","USFLAR","superficie utile abitabile (metri quadri)","Y","dati destagionalizzati","NEW_RS_BUIL","fabbricati residenziali nuovi","2011-Q1","T1-2011",2188404,,
"IT","Italia","USFLAR","superficie utile abitabile (metri quadri)","Y","dati destagionalizzati","NEW_RS_BUIL","fabbricati residenziali nuovi","2011-Q2","T2-2011",2112632,,
"IT","Italia","USFLAR","superficie utile abitabile (metri quadri)","Y","dati destagionalizzati","NEW_RS_BUIL","fabbricati residenziali nuovi","2011-Q4","T4-2011",2004919,,
"IT","Italia","USFLAR","superficie utile abitabile (metri quadri)","Y","dati destagionalizzati","NEW_RS_BUIL","fabbricati residenziali nuovi","2011-Q3","T3-2011",2039101,,
"IT","Italia","USFLAR","superficie utile abitabile (metri quadri)","Y","dati destagionalizzati","NEW_RS_BUIL","fabbricati residenziali nuovi","2012-Q2","T2-2012",1602191,,
"IT","Italia","USFLAR","superficie utile abitabile (metri quadri)","Y","dati destagionalizzati","NEW_RS_BUIL","fabbricati residenziali nuovi","2012-Q1","T1-2012",1815356,,
"IT","Italia","USFLAR","superficie utile abitabile (metri quadri)","Y","dati destagionalizzati","NEW_RS_BUIL","fabbricati residenziali nuovi","2012-Q4","T4-2012",1465320,,
"IT","Italia","USFLAR","superficie utile abitabile (metri quadri)","Y","dati destagionalizzati","NEW_RS_BUIL","fabbricati residenziali nuovi","2012-Q3","T3-2012",1477687,,
"IT","Italia","USFLAR","superficie utile abitabile (metri quadri)","Y","dati destagionalizzati","NEW_RS_BUIL","fabbricati residenziali nuovi","2013-Q1","T1-2013",1154297,,
"IT","Italia","USFLAR","superficie utile abitabile (metri quadri)","Y","dati destagionalizzati","NEW_RS_BUIL","fabbricati residenziali nuovi","2013-Q2","T2-2013",1121716,,
"IT","Italia","USFLAR","superficie utile abitabile (metri quadri)","Y","dati destagionalizzati","NEW_RS_BUIL","fabbricati residenziali nuovi","2013-Q4","T4-2013",1037836,,
"IT","Italia","USFLAR","superficie utile abitabile (metri quadri)","Y","dati destagionalizzati","NEW_RS_BUIL","fabbricati residenziali nuovi","2013-Q3","T3-2013",1134321,,
"IT","Italia","USFLAR","superficie utile abitabile (metri quadri)","Y","dati destagionalizzati","NEW_RS_BUIL","fabbricati residenziali nuovi","2014-Q2","T2-2014",1022616,,
"IT","Italia","USFLAR","superficie utile abitabile (metri quadri)","Y","dati destagionalizzati","NEW_RS_BUIL","fabbricati residenziali nuovi","2014-Q1","T1-2014",982970,,
"IT","Italia","USFLAR","superficie utile abitabile (metri quadri)","Y","dati destagionalizzati","NEW_RS_BUIL","fabbricati residenziali nuovi","2014-Q4","T4-2014",959777,,
"IT","Italia","USFLAR","superficie utile abitabile (metri quadri)","Y","dati destagionalizzati","NEW_RS_BUIL","fabbricati residenziali nuovi","2014-Q3","T3-2014",927307,,
"IT","Italia","USFLAR","superficie utile abitabile (metri quadri)","Y","dati destagionalizzati","NEW_RS_BUIL","fabbricati residenziali nuovi","2015-Q1","T1-2015",981344,,
"IT","Italia","USFLAR","superficie utile abitabile (metri quadri)","Y","dati destagionalizzati","NEW_RS_BUIL","fabbricati residenziali nuovi","2015-Q2","T2-2015",934666,,
"IT","Italia","USFLAR","superficie utile abitabile (metri quadri)","Y","dati destagionalizzati","NEW_RS_BUIL","fabbricati residenziali nuovi","2015-Q4","T4-2015",864464,,
"IT","Italia","USFLAR","superficie utile abitabile (metri quadri)","Y","dati destagionalizzati","NEW_RS_BUIL","fabbricati residenziali nuovi","2015-Q3","T3-2015",948102,,
"IT","Italia","USFLAR","superficie utile abitabile (metri quadri)","Y","dati destagionalizzati","NEW_RS_BUIL","fabbricati residenziali nuovi","2016-Q2","T2-2016",952391,,
"IT","Italia","USFLAR","superficie utile abitabile (metri quadri)","Y","dati destagionalizzati","NEW_RS_BUIL","fabbricati residenziali nuovi","2016-Q1","T1-2016",946894,,
"IT","Italia","USFLAR","superficie utile abitabile (metri quadri)","Y","dati destagionalizzati","NEW_RS_BUIL","fabbricati residenziali nuovi","2016-Q4","T4-2016",1031051,,
"IT","Italia","USFLAR","superficie utile abitabile (metri quadri)","Y","dati destagionalizzati","NEW_RS_BUIL","fabbricati residenziali nuovi","2016-Q3","T3-2016",965678,,
"IT","Italia","USFLAR","superficie utile abitabile (metri quadri)","Y","dati destagionalizzati","NEW_RS_BUIL","fabbricati residenziali nuovi","2017-Q1","T1-2017",1093933,,
"IT","Italia","USFLAR","superficie utile abitabile (metri quadri)","Y","dati destagionalizzati","NEW_RS_BUIL","fabbricati residenziali nuovi","2017-Q2","T2-2017",1146793,,
"IT","Italia","USFLAR","superficie utile abitabile (metri quadri)","Y","dati destagionalizzati","NEW_RS_BUIL","fabbricati residenziali nuovi","2017-Q4","T4-2017",1126733,,
"IT","Italia","USFLAR","superficie utile abitabile (metri quadri)","Y","dati destagionalizzati","NEW_RS_BUIL","fabbricati residenziali nuovi","2017-Q3","T3-2017",1109414,,
"IT","Italia","USFLAR","superficie utile abitabile (metri quadri)","Y","dati destagionalizzati","NEW_RS_BUIL","fabbricati residenziali nuovi","2018-Q2","T2-2018",1161389,,
"IT","Italia","USFLAR","superficie utile abitabile (metri quadri)","Y","dati destagionalizzati","NEW_RS_BUIL","fabbricati residenziali nuovi","2018-Q1","T1-2018",1177033,,
"IT","Italia","USFLAR","superficie utile abitabile (metri quadri)","Y","dati destagionalizzati","NEW_RS_BUIL","fabbricati residenziali nuovi","2018-Q4","T4-2018",1213172,,
"IT","Italia","USFLAR","superficie utile abitabile (metri quadri)","Y","dati destagionalizzati","NEW_RS_BUIL","fabbricati residenziali nuovi","2018-Q3","T3-2018",1246470,,
"IT","Italia","USFLAR","superficie utile abitabile (metri quadri)","Y","dati destagionalizzati","NEW_RS_BUIL","fabbricati residenziali nuovi","2019-Q1","T1-2019",1218745,,
"IT","Italia","USFLAR","superficie utile abitabile (metri quadri)","Y","dati destagionalizzati","NEW_RS_BUIL","fabbricati residenziali nuovi","2019-Q2","T2-2019",1180437,,
"IT","Italia","USFLAR","superficie utile abitabile (metri quadri)","Y","dati destagionalizzati","NEW_RS_BUIL","fabbricati residenziali nuovi","2019-Q4","T4-2019",1237466,,
"IT","Italia","USFLAR","superficie utile abitabile (metri quadri)","Y","dati destagionalizzati","NEW_RS_BUIL","fabbricati residenziali nuovi","2019-Q3","T3-2019",1247586,,
"IT","Italia","USFLAR","superficie utile abitabile (metri quadri)","Y","dati destagionalizzati","NEW_RS_BUIL","fabbricati residenziali nuovi","2020-Q2","T2-2020",878480,,
"IT","Italia","USFLAR","superficie utile abitabile (metri quadri)","Y","dati destagionalizzati","NEW_RS_BUIL","fabbricati residenziali nuovi","2020-Q1","T1-2020",1092978,,
"IT","Italia","USFLAR","superficie utile abitabile (metri quadri)","Y","dati destagionalizzati","NEW_RS_BUIL","fabbricati residenziali nuovi","2020-Q3","T3-2020",1168479,,
"IT","Italia","USFLAR","superficie utile abitabile (metri quadri)","Y","dati destagionalizzati","NEW_RS_BUIL","fabbricati residenziali nuovi","2020-Q4","T4-2020",1184584,,
"IT","Italia","USFLAR","superficie utile abitabile (metri quadri)","Y","dati destagionalizzati","NEW_RS_BUIL","fabbricati residenziali nuovi","2021-Q1","T1-2021",1266280,,
"IT","Italia","USFLAR","superficie utile abitabile (metri quadri)","Y","dati destagionalizzati","NEW_RS_BUIL","fabbricati residenziali nuovi","2021-Q2","T2-2021",1235265,,
"IT","Italia","USFLAR","superficie utile abitabile (metri quadri)","Y","dati destagionalizzati","NEW_RS_BUIL","fabbricati residenziali nuovi","2021-Q3","T3-2021",1332237,,
"IT","Italia","USFLAR","superficie utile abitabile (metri quadri)","Y","dati destagionalizzati","NEW_RS_BUIL","fabbricati residenziali nuovi","2021-Q4","T4-2021",1346531,,
"IT","Italia","USFLAR","superficie utile abitabile (metri quadri)","Y","dati destagionalizzati","NEW_RS_BUIL","fabbricati residenziali nuovi","2022-Q1","T1-2022",1412677,,
"IT","Italia","USFLAR","superficie utile abitabile (metri quadri)","Y","dati destagionalizzati","NEW_RS_BUIL","fabbricati residenziali nuovi","2022-Q2","T2-2022",1406316,,
"IT","Italia","USFLAR","superficie utile abitabile (metri quadri)","Y","dati destagionalizzati","NEW_RS_BUIL","fabbricati residenziali nuovi","2022-Q3","T3-2022",1232647,,
"IT","Italia","USFLAR","superficie utile abitabile (metri quadri)","Y","dati destagionalizzati","NEW_RS_BUIL","fabbricati residenziali nuovi","2022-Q4","T4-2022",1241210,,
